accuracy,auroc_macro,auroc_micro,bucket,count_class_0,count_class_1,count_class_2,count_class_3,documents,f1_class_0,f1_class_1,f1_class_2,f1_class_3,f1_macro,f1_micro,method,precision_class_0,precision_class_1,precision_class_2,precision_class_3,precision_macro,precision_micro,recall_class_0,recall_class_1,recall_class_2,recall_class_3,recall_macro,recall_micro,seed,tpr_at_1_fpr_class_0,tpr_at_1_fpr_class_1,tpr_at_1_fpr_class_2,tpr_at_1_fpr_class_3,tpr_at_1_fpr_macro,tpr_at_1_fpr_micro,tpr_at_1_fpr_mixed_avg,tpr_at_5_fpr_class_0,tpr_at_5_fpr_class_1,tpr_at_5_fpr_class_2,tpr_at_5_fpr_class_3,tpr_at_5_fpr_macro,tpr_at_5_fpr_micro,tpr_at_5_fpr_mixed_avg
0.8504398826979472,0.9656460507348048,0.9712306109051922,0–200,87,91,149,14,341,0.9176470588235294,0.79,0.8671328671328671,0.6923076923076923,0.8167719045660222,0.8504398826979472,Strong RACE,0.9397590361445783,0.7247706422018348,0.9051094890510949,0.75,0.829909791849377,0.8504398826979472,0.896551724137931,0.8681318681318682,0.8322147651006712,0.6428571428571429,0.8099388750569033,0.8504398826979472,42,0.8045977011494253,0.4725274725274725,0.46308724832214765,0.6428571428571429,0.5957673912140471,0.6480938416422287,0.5576923076923077,0.9540229885057471,0.7362637362637363,0.785234899328859,0.7142857142857143,0.7974518345960142,0.8533724340175953,0.7252747252747254
0.9249271137026239,0.9809366097444863,0.9882901150881012,200–400,329,349,591,103,1372,0.9848024316109423,0.9138166894664843,0.9237360754070265,0.7659574468085106,0.897078160823241,0.9249271137026239,Strong RACE,0.9848024316109423,0.8743455497382199,0.9357638888888888,0.8470588235294118,0.9104926734418657,0.9249271137026239,0.9848024316109423,0.9570200573065902,0.9120135363790186,0.6990291262135923,0.8882162878775358,0.9249271137026239,42,0.9878419452887538,0.7707736389684814,0.5854483925549916,0.6990291262135923,0.7607732757564548,0.8469387755102041,0.7349013825910369,1.0,0.9627507163323782,0.9289340101522843,0.8155339805825242,0.9268046767667967,0.9635568513119533,0.8891423484574512
0.9546891464699684,0.9856653959737252,0.9922307436922678,400–600,248,214,432,55,949,0.9939393939393939,0.9387755102040817,0.9574223245109321,0.7956989247311828,0.9214590383463976,0.9546891464699684,Strong RACE,0.9959514170040485,0.9118942731277533,0.9519450800915332,0.9736842105263158,0.9583687451874128,0.9546891464699684,0.9919354838709677,0.9672897196261683,0.9629629629629629,0.6727272727272727,0.8987288597968429,0.9546891464699684,42,1.0,0.6915887850467289,0.6574074074074074,0.7454545454545455,0.7736126844771705,0.9072708113804004,0.7185216652506372,1.0,0.985981308411215,0.9629629629629629,0.7454545454545455,0.9235997042071808,0.9736564805057956,0.8657179269328803
0.9858356940509915,0.9981595269263295,0.9989620867406581,600–800,87,99,151,16,353,1.0,0.9897959183673469,0.9836065573770492,0.9032258064516129,0.9691570705490022,0.9858356940509915,Strong RACE,1.0,1.0,0.974025974025974,0.9333333333333333,0.9768398268398268,0.9858356940509915,1.0,0.9797979797979798,0.9933774834437086,0.875,0.962043865810422,0.9858356940509915,42,1.0,0.98989898989899,0.9337748344370861,0.875,0.9496684560840191,0.9915014164305949,0.932449494949495,1.0,1.0,1.0,0.9375,0.984375,0.9971671388101983,0.96875
0.9837837837837838,0.9995620234652491,0.9994351107864621,800+,49,47,83,6,185,0.9791666666666666,0.9690721649484536,0.9939393939393939,1.0,0.9855445563886285,0.9837837837837838,Strong RACE,1.0,0.94,1.0,1.0,0.985,0.9837837837837838,0.9591836734693877,1.0,0.9879518072289156,1.0,0.9867838701745758,0.9837837837837838,42,1.0,1.0,0.9879518072289156,1.0,0.9969879518072289,0.9945945945945946,1.0,1.0,1.0,0.9879518072289156,1.0,0.9969879518072289,1.0,1.0
0.8475073313782991,0.9644166611261751,0.9722224611071456,0–200,87,91,149,14,341,0.8805031446540881,0.7707317073170732,0.8918918918918919,0.7272727272727273,0.8175998677839451,0.8475073313782991,Strong RACE,0.9722222222222222,0.6929824561403509,0.8979591836734694,1.0,0.8907909655090106,0.8475073313782991,0.8045977011494253,0.8681318681318682,0.8859060402684564,0.5714285714285714,0.7825160452445803,0.8475073313782991,2026,0.8275862068965517,0.4175824175824176,0.42953020134228187,0.5714285714285714,0.5615318493124557,0.6392961876832844,0.4945054945054945,0.9655172413793104,0.7252747252747253,0.87248322147651,0.6428571428571429,0.8015330827469221,0.8475073313782991,0.6840659340659341
0.9416909620991254,0.9810187405087778,0.9871104053866444,200–400,329,349,591,103,1372,0.9847560975609756,0.9320113314447592,0.9457881567973311,0.7978142076502732,0.9150924483633348,0.9416909620991254,Strong RACE,0.9877675840978594,0.9215686274509803,0.9325657894736842,0.9125,0.938600500255631,0.9416909620991254,0.9817629179331308,0.9426934097421203,0.9593908629441624,0.7087378640776699,0.8981462636742709,0.9416909620991254,2026,0.993920972644377,0.839541547277937,0.626057529610829,0.7378640776699029,0.7993460318007616,0.8724489795918368,0.7887028124739199,1.0,0.9713467048710601,0.9593908629441624,0.8155339805825242,0.9365678870994367,0.9686588921282799,0.8934403427267922
0.9546891464699684,0.9865122760294691,0.9905539004879336,400–600,248,214,432,55,949,0.9939393939393939,0.9419953596287703,0.9568181818181818,0.782608695652174,0.9188404077596299,0.9546891464699684,Strong RACE,0.9959514170040485,0.9354838709677419,0.9397321428571429,0.972972972972973,0.9610351009504765,0.9546891464699684,0.9919354838709677,0.9485981308411215,0.9745370370370371,0.6545454545454545,0.8924040265736453,0.9546891464699684,2026,1.0,0.8691588785046729,0.5601851851851852,0.7454545454545455,0.793699652286101,0.916754478398314,0.8073067119796091,1.0,0.9813084112149533,0.9722222222222222,0.7636363636363637,0.9292917492683848,0.9799789251844047,0.8724723874256585
0.9886685552407932,0.9976331596613057,0.9983200785390032,600–800,87,99,151,16,353,1.0,0.9897959183673469,0.9869281045751634,0.9333333333333333,0.9775143390689609,0.9886685552407932,Strong RACE,1.0,1.0,0.9741935483870968,1.0,0.9935483870967742,0.9886685552407932,1.0,0.9797979797979798,1.0,0.875,0.9636994949494949,0.9886685552407932,2026,1.0,1.0,1.0,0.9375,0.984375,0.9943342776203966,0.96875,1.0,1.0,1.0,0.9375,0.984375,0.9971671388101983,0.96875
0.972972972972973,0.9989833263089389,0.999191624056489,800+,49,47,83,6,185,0.9791666666666666,0.9574468085106383,0.9822485207100592,0.9090909090909091,0.9569882262445684,0.972972972972973,Strong RACE,1.0,0.9574468085106383,0.9651162790697675,1.0,0.9806407718951015,0.972972972972973,0.9591836734693877,0.9574468085106383,1.0,0.8333333333333334,0.9374909538283399,0.972972972972973,2026,1.0,0.9361702127659575,0.9879518072289156,0.8333333333333334,0.9393638383320516,0.9783783783783784,0.8847517730496455,1.0,1.0,1.0,1.0,1.0,1.0,1.0
0.8563049853372434,0.9625576369304616,0.9706214543505244,0–200,87,91,149,14,341,0.9166666666666666,0.8061224489795918,0.8843537414965986,0.5,0.7767857142857143,0.8563049853372434,Strong RACE,0.9506172839506173,0.7523809523809524,0.896551724137931,0.6,0.7998874901173753,0.8563049853372434,0.8850574712643678,0.8681318681318682,0.87248322147651,0.42857142857142855,0.7635609973610435,0.8563049853372434,3407,0.8275862068965517,0.45054945054945056,0.28859060402684567,0.42857142857142855,0.4988244225110691,0.6510263929618768,0.43956043956043955,0.9655172413793104,0.8131868131868132,0.8187919463087249,0.7142857142857143,0.8279454287901407,0.8592375366568915,0.7637362637362637
0.9424198250728864,0.9847593692715685,0.9866210436694461,200–400,329,349,591,103,1372,0.9862595419847329,0.9393511988716502,0.9447236180904522,0.7849462365591398,0.9138201488764939,0.9424198250728864,Strong RACE,0.99079754601227,0.925,0.9353233830845771,0.8795180722891566,0.932659750346501,0.9424198250728864,0.9817629179331308,0.9541547277936963,0.9543147208121827,0.7087378640776699,0.89974255765417,0.9424198250728864,3407,0.9969604863221885,0.8567335243553008,0.6277495769881557,0.7378640776699029,0.804826916333887,0.8826530612244898,0.7972988010126019,1.0,0.9770773638968482,0.9576988155668359,0.7864077669902912,0.9302959866134939,0.9693877551020408,0.8817425654435698
0.9546891464699684,0.9853585490213974,0.9911599772448251,400–600,248,214,432,55,949,0.9939393939393939,0.9357798165137615,0.9576174112256587,0.8085106382978723,0.9239618149941716,0.9546891464699684,Strong RACE,0.9959514170040485,0.918918918918919,0.9478458049886621,0.9743589743589743,0.959268778817651,0.9546891464699684,0.9919354838709677,0.9532710280373832,0.9675925925925926,0.6909090909090909,0.9009270488525086,0.9546891464699684,3407,1.0,0.8644859813084113,0.5648148148148148,0.7636363636363637,0.7982342899398974,0.9441517386722866,0.8140611724723874,1.0,0.9953271028037384,0.9768518518518519,0.8181818181818182,0.9475901932093522,0.9831401475237092,0.9067544604927783
0.9773371104815864,0.9979334718584085,0.9980258247799114,600–800,87,99,151,16,353,1.0,0.9846153846153847,0.9736842105263158,0.8484848484848485,0.9516961109066373,0.9773371104815864,Strong RACE,1.0,1.0,0.9673202614379085,0.8235294117647058,0.9477124183006536,0.9773371104815864,1.0,0.9696969696969697,0.9801324503311258,0.875,0.9562073550070239,0.9773371104815864,3407,1.0,1.0,0.9735099337748344,0.875,0.9621274834437086,0.9801699716713881,0.9375,1.0,1.0,1.0,0.9375,0.984375,0.9971671388101983,0.96875
0.9891891891891892,1.0,0.9999220842464086,800+,49,47,83,6,185,0.9791666666666666,0.9791666666666666,1.0,1.0,0.9895833333333333,0.9891891891891892,Strong RACE,1.0,0.9591836734693877,1.0,1.0,0.9897959183673469,0.9891891891891892,0.9591836734693877,1.0,1.0,1.0,0.9897959183673469,0.9891891891891892,3407,1.0,1.0,1.0,1.0,1.0,1.0,1.0,1.0,1.0,1.0,1.0,1.0,1.0,1.0
0.8885630498533724,0.9685441074692658,0.9775099400016627,0–200,87,91,149,14,341,0.9378531073446328,0.8279569892473119,0.9084745762711864,0.75,0.8560711682157828,0.8885630498533724,Single Trace,0.9222222222222223,0.8105263157894737,0.9178082191780822,0.9,0.8876391892974446,0.8885630498533724,0.9540229885057471,0.8461538461538461,0.8993288590604027,0.6428571428571429,0.8355907091442847,0.8885630498533724,42,0.8160919540229885,0.5054945054945055,0.4899328859060403,0.6428571428571429,0.6135941220701693,0.718475073313783,0.5741758241758241,0.9540229885057471,0.8131868131868132,0.8791946308724832,0.7142857142857143,0.8401725367126894,0.9120234604105572,0.7637362637362637
0.9409620991253644,0.9837261903924777,0.9893100097181731,200–400,329,349,591,103,1372,0.9879154078549849,0.9350282485875706,0.9407783417935702,0.8020833333333334,0.9164513328923648,0.9409620991253644,Single Trace,0.9819819819819819,0.9220055710306406,0.9407783417935702,0.8651685393258427,0.9274836085330089,0.9409620991253644,0.993920972644377,0.9484240687679083,0.9407783417935702,0.7475728155339806,0.907674049684959,0.9409620991253644,42,1.0,0.8825214899713467,0.676818950930626,0.7475728155339806,0.8267283141089884,0.8994169096209913,0.8150471527526637,1.0,0.9684813753581661,0.961082910321489,0.8058252427184466,0.9338473820995254,0.9723032069970845,0.8871533090383064
0.9620653319283456,0.9845096502996116,0.9909292054231934,400–600,248,214,432,55,949,0.9979879275653923,0.9517241379310345,0.9621125143513203,0.8210526315789474,0.9332193028566735,0.9620653319283456,Single Trace,0.9959839357429718,0.9366515837104072,0.9544419134396356,0.975,0.9655193582232536,0.9620653319283456,1.0,0.9672897196261683,0.9699074074074074,0.7090909090909091,0.9115720090311212,0.9620653319283456,42,1.0,0.8644859813084113,0.6944444444444444,0.7454545454545455,0.8260962428018502,0.9452054794520548,0.8049702633814784,1.0,1.0,0.9791666666666666,0.7636363636363637,0.9357007575757575,0.982086406743941,0.8818181818181818
0.9858356940509915,0.9984042538877032,0.9980231497457379,600–800,87,99,151,16,353,1.0,0.9897959183673469,0.9868421052631579,0.875,0.9629095059076263,0.9858356940509915,Single Trace,1.0,1.0,0.9803921568627451,0.875,0.9638480392156863,0.9858356940509915,1.0,0.9797979797979798,0.9933774834437086,0.875,0.962043865810422,0.9858356940509915,42,1.0,0.9797979797979798,0.9933774834437086,0.9375,0.977668865810422,0.9915014164305949,0.9586489898989898,1.0,0.98989898989899,1.0,0.9375,0.9818497474747475,0.9943342776203966,0.963699494949495
0.9837837837837838,0.9996095826960232,0.9996006817628439,800+,49,47,83,6,185,1.0,0.9894736842105263,0.9815950920245399,0.8571428571428571,0.9570529083444809,0.9837837837837838,Single Trace,1.0,0.9791666666666666,1.0,0.75,0.9322916666666666,0.9837837837837838,1.0,1.0,0.963855421686747,1.0,0.9909638554216867,0.9837837837837838,42,1.0,1.0,0.9759036144578314,1.0,0.9939759036144579,0.9891891891891892,1.0,1.0,1.0,1.0,1.0,1.0,1.0,1.0
0.8856304985337243,0.9648810989693597,0.9714341408599284,0–200,87,91,149,14,341,0.9230769230769231,0.8290155440414507,0.912751677852349,0.7272727272727273,0.8480292180608626,0.8856304985337243,Single Trace,0.9512195121951219,0.7843137254901961,0.912751677852349,1.0,0.9120712288844167,0.8856304985337243,0.896551724137931,0.8791208791208791,0.912751677852349,0.5714285714285714,0.8149632131349327,0.8856304985337243,2026,0.8160919540229885,0.25274725274725274,0.6577181208053692,0.5714285714285714,0.5744964747510455,0.5806451612903226,0.41208791208791207,0.9655172413793104,0.8131868131868132,0.8859060402684564,0.6428571428571429,0.8268668094229307,0.9002932551319648,0.7280219780219781
0.9424198250728864,0.9831124170932541,0.9871584827183686,200–400,329,349,591,103,1372,0.9847094801223242,0.9320113314447592,0.9476309226932669,0.7955801104972375,0.9149829611893969,0.9424198250728864,Single Trace,0.9907692307692307,0.9215686274509803,0.9313725490196079,0.9230769230769231,0.9416968325791855,0.9424198250728864,0.9787234042553191,0.9426934097421203,0.9644670050761421,0.6990291262135923,0.8962282363217935,0.9424198250728864,2026,1.0,0.8939828080229226,0.5380710659898477,0.7669902912621359,0.7997610413187266,0.9067055393586005,0.8304865496425293,1.0,0.9713467048710601,0.9560067681895094,0.8252427184466019,0.9381490478767929,0.9715743440233237,0.898294711658831
0.9578503688092729,0.9846570637499126,0.9886168606667474,400–600,248,214,432,55,949,0.9939393939393939,0.9458823529411765,0.9605411499436303,0.7912087912087912,0.922892922008248,0.9578503688092729,Single Trace,0.9959514170040485,0.95260663507109,0.9362637362637363,1.0,0.9712054470847187,0.9578503688092729,0.9919354838709677,0.9392523364485982,0.9861111111111112,0.6545454545454545,0.8929610964940329,0.9578503688092729,2026,1.0,0.8925233644859814,0.6805555555555556,0.7636363636363637,0.8341788209194752,0.9409905163329821,0.8280798640611725,1.0,0.9719626168224299,0.9837962962962963,0.8,0.9389397282796816,0.9768177028451,0.8859813084112149
0.9915014164305949,0.998934191363853,0.9984270799059458,600–800,87,99,151,16,353,1.0,0.9949238578680203,0.9901639344262295,0.9333333333333333,0.9796052814068958,0.9915014164305949,Single Trace,1.0,1.0,0.9805194805194806,1.0,0.9951298701298701,0.9915014164305949,1.0,0.98989898989899,1.0,0.875,0.9662247474747475,0.9915014164305949,2026,1.0,1.0,1.0,0.9375,0.984375,0.9971671388101983,0.96875,1.0,1.0,1.0,0.9375,0.984375,0.9971671388101983,0.96875
0.9945945945945946,0.9997707917579612,0.998373508643779,800+,49,47,83,6,185,0.9896907216494846,0.9894736842105263,1.0,1.0,0.9947911014650027,0.9945945945945946,Single Trace,1.0,0.9791666666666666,1.0,1.0,0.9947916666666666,0.9945945945945946,0.9795918367346939,1.0,1.0,1.0,0.9948979591836735,0.9945945945945946,2026,0.9795918367346939,1.0,1.0,1.0,0.9948979591836735,0.9945945945945946,1.0,1.0,1.0,1.0,1.0,1.0,0.9945945945945946,1.0
0.8563049853372434,0.9537855899597083,0.9658084009138782,0–200,87,91,149,14,341,0.9047619047619048,0.7955801104972375,0.8896103896103896,0.56,0.787488101217383,0.8563049853372434,Single Trace,0.9382716049382716,0.8,0.8616352201257862,0.6363636363636364,0.8090676153569235,0.8563049853372434,0.8735632183908046,0.7912087912087912,0.9194630872483222,0.5,0.7710587742119795,0.8563049853372434,3407,0.8160919540229885,0.3956043956043956,0.5302013422818792,0.5,0.5604744229773158,0.533724340175953,0.44780219780219777,0.9770114942528736,0.7692307692307693,0.7785234899328859,0.6428571428571429,0.7919057240684179,0.8709677419354839,0.7060439560439561
0.9409620991253644,0.9842005467826386,0.9873590262843996,200–400,329,349,591,103,1372,0.9862595419847329,0.934876989869754,0.9429280397022333,0.7936507936507936,0.9144288413018784,0.9409620991253644,Single Trace,0.99079754601227,0.9444444444444444,0.9223300970873787,0.872093023255814,0.9324162776999767,0.9409620991253644,0.9817629179331308,0.9255014326647565,0.9644670050761421,0.7281553398058253,0.8999716738699637,0.9409620991253644,3407,1.0,0.8223495702005731,0.6903553299492385,0.7281553398058253,0.8102150599889092,0.8469387755102041,0.7752524550031992,1.0,0.9742120343839542,0.9576988155668359,0.8155339805825242,0.9368612076333286,0.9657434402332361,0.8948730074832392
0.9494204425711275,0.9868965521938792,0.9916598286403561,400–600,248,214,432,55,949,0.9959677419354839,0.9193154034229829,0.9508928571428571,0.8247422680412371,0.9227295676356402,0.9494204425711275,Single Trace,0.9959677419354839,0.9641025641025641,0.9181034482758621,0.9523809523809523,0.9576386766737157,0.9494204425711275,0.9959677419354839,0.8785046728971962,0.9861111111111112,0.7272727272727273,0.8969640633041296,0.9494204425711275,3407,1.0,0.883177570093458,0.7662037037037037,0.7818181818181819,0.8577998639038359,0.9241306638566913,0.8324978759558199,1.0,0.985981308411215,0.9791666666666666,0.8545454545454545,0.954923357405834,0.9778714436248683,0.9202633814783348
0.9660056657223796,0.9955400376656327,0.995057874364345,600–800,87,99,151,16,353,1.0,0.9578947368421052,0.961038961038961,0.8823529411764706,0.9503216597643842,0.9660056657223796,Single Trace,1.0,1.0,0.9426751592356688,0.8333333333333334,0.9440021231422505,0.9660056657223796,1.0,0.9191919191919192,0.9801324503311258,0.9375,0.9592060923807613,0.9660056657223796,3407,1.0,0.9595959595959596,0.9470198675496688,0.9375,0.9610289567864071,0.9631728045325779,0.9485479797979798,1.0,0.9696969696969697,0.9933774834437086,0.9375,0.9751436132851696,0.9858356940509915,0.9535984848484849
0.9675675675675676,0.999265167542893,0.9974287801314828,800+,49,47,83,6,185,0.9896907216494846,0.9438202247191011,0.9651162790697675,1.0,0.9746568063595883,0.9675675675675676,Single Trace,1.0,1.0,0.9325842696629213,1.0,0.9831460674157303,0.9675675675675676,0.9795918367346939,0.8936170212765957,1.0,1.0,0.9683022145028224,0.9675675675675676,3407,1.0,0.8936170212765957,1.0,1.0,0.9734042553191489,0.9567567567567568,0.9468085106382979,1.0,1.0,1.0,1.0,1.0,0.9891891891891892,1.0
0.8826979472140762,0.9657156210629785,0.9762930602018672,0–200,87,91,149,14,341,0.9378531073446328,0.8156424581005587,0.9013157894736842,0.7272727272727273,0.8455210205479007,0.8826979472140762,Dual / Editor,0.9222222222222223,0.8295454545454546,0.8838709677419355,1.0,0.9089096611274031,0.8826979472140762,0.9540229885057471,0.8021978021978022,0.9194630872483222,0.5714285714285714,0.8117781123451107,0.8826979472140762,42,0.8620689655172413,0.4945054945054945,0.37583892617449666,0.6428571428571429,0.5938176322635939,0.6979472140762464,0.5686813186813187,0.9655172413793104,0.7912087912087912,0.8590604026845637,0.6428571428571429,0.814660894532452,0.9120234604105572,0.717032967032967
0.9416909620991254,0.9830686297123183,0.9874239262552166,200–400,329,349,591,103,1372,0.9864661654135338,0.938953488372093,0.9427385892116182,0.7849462365591398,0.9132761198890962,0.9416909620991254,Dual / Editor,0.9761904761904762,0.9528023598820059,0.9250814332247557,0.8795180722891566,0.9333980853965985,0.9416909620991254,0.9969604863221885,0.9255014326647565,0.961082910321489,0.7087378640776699,0.898070673346526,0.9416909620991254,42,1.0,0.8997134670487106,0.6446700507614214,0.7475728155339806,0.8229890833360282,0.8775510204081632,0.8236431412913456,1.0,0.9799426934097422,0.9475465313028765,0.7961165048543689,0.9309014323917469,0.9701166180758017,0.8880295991320555
0.9599578503688093,0.985220219522996,0.9902394808207705,400–600,248,214,432,55,949,0.9979879275653923,0.9461358313817331,0.9613636363636363,0.8085106382978723,0.9284995084021586,0.9599578503688093,Dual / Editor,0.9959839357429718,0.9483568075117371,0.9441964285714286,0.9743589743589743,0.965724036546278,0.9599578503688093,1.0,0.9439252336448598,0.9791666666666666,0.6909090909090909,0.9035002478051544,0.9599578503688093,42,1.0,0.8598130841121495,0.6898148148148148,0.7454545454545455,0.8237706110953775,0.9357218124341412,0.8026338147833475,1.0,0.9953271028037384,0.9791666666666666,0.7818181818181819,0.9390779878221467,0.9810326659641728,0.8885726423109601
0.9915014164305949,0.9988767258852838,0.9980445500191266,600–800,87,99,151,16,353,1.0,0.9897959183673469,0.9901639344262295,0.967741935483871,0.9869254470693619,0.9915014164305949,Dual / Editor,1.0,1.0,0.9805194805194806,1.0,0.9951298701298701,0.9915014164305949,1.0,0.9797979797979798,1.0,0.9375,0.9793244949494949,0.9915014164305949,42,1.0,0.9797979797979798,0.9933774834437086,0.9375,0.977668865810422,0.9915014164305949,0.9586489898989898,1.0,1.0,1.0,1.0,1.0,0.9943342776203966,1.0
0.9945945945945946,0.999591553349492,0.9997954711468224,800+,49,47,83,6,185,1.0,0.9894736842105263,0.9939393939393939,1.0,0.99585326953748,0.9945945945945946,Dual / Editor,1.0,0.9791666666666666,1.0,1.0,0.9947916666666666,0.9945945945945946,1.0,1.0,0.9879518072289156,1.0,0.9969879518072289,0.9945945945945946,42,1.0,1.0,0.9879518072289156,1.0,0.9969879518072289,0.9945945945945946,1.0,1.0,1.0,0.9879518072289156,1.0,0.9969879518072289,1.0,1.0
0.8768328445747801,0.9619938671093335,0.9709439489971132,0–200,87,91,149,14,341,0.9230769230769231,0.8163265306122449,0.9054054054054054,0.6666666666666666,0.82786888144031,0.8768328445747801,Dual / Editor,0.9512195121951219,0.7619047619047619,0.9115646258503401,1.0,0.906172224987556,0.8768328445747801,0.896551724137931,0.8791208791208791,0.8993288590604027,0.5,0.7937503655798033,0.8768328445747801,2026,0.7701149425287356,0.21978021978021978,0.4966442953020134,0.5714285714285714,0.5144920072598851,0.5835777126099707,0.3956043956043956,0.9770114942528736,0.7802197802197802,0.8590604026845637,0.7142857142857143,0.832644347860733,0.8856304985337243,0.7472527472527473
0.9409620991253644,0.9819229866022288,0.9855847691013099,200–400,329,349,591,103,1372,0.9847560975609756,0.9333333333333333,0.9444904722452361,0.7840909090909091,0.9116677030576135,0.9409620991253644,Dual / Editor,0.9877675840978594,0.9241573033707865,0.9253246753246753,0.9452054794520548,0.9456137605613439,0.9409620991253644,0.9817629179331308,0.9426934097421203,0.9644670050761421,0.6699029126213593,0.8897065613431882,0.9409620991253644,2026,0.993920972644377,0.830945558739255,0.4703891708967851,0.7572815533980582,0.7631343139196188,0.8899416909620991,0.7941135560686566,1.0,0.9799426934097422,0.961082910321489,0.8252427184466019,0.9415670805444583,0.9715743440233237,0.902592705928172
0.9599578503688093,0.9862592618621719,0.9882178678460272,400–600,248,214,432,55,949,0.9959677419354839,0.9481132075471698,0.9616252821670429,0.8043478260869565,0.9275135144341633,0.9599578503688093,Dual / Editor,0.9959677419354839,0.9571428571428572,0.9383259911894273,1.0,0.9728591475669421,0.9599578503688093,0.9959677419354839,0.9392523364485982,0.9861111111111112,0.6727272727272727,0.8985146155556165,0.9599578503688093,2026,1.0,0.9158878504672897,0.7592592592592593,0.7454545454545455,0.8551504137952736,0.9199157007376185,0.8306711979609176,1.0,0.9766355140186916,0.9722222222222222,0.8181818181818182,0.941759888605683,0.9747102212855637,0.8974086661002549
0.9830028328611898,0.9982285344772531,0.9981836517961516,600–800,87,99,151,16,353,1.0,0.979381443298969,0.9805194805194806,0.9333333333333333,0.9733085642879458,0.9830028328611898,Dual / Editor,1.0,1.0,0.9617834394904459,1.0,0.9904458598726115,0.9830028328611898,1.0,0.9595959595959596,1.0,0.875,0.9586489898989898,0.9830028328611898,2026,1.0,1.0,0.9867549668874173,0.9375,0.9810637417218543,0.9943342776203966,0.96875,1.0,1.0,1.0,0.9375,0.984375,0.9971671388101983,0.96875
0.9891891891891892,0.9989403388162215,0.9993474555636718,800+,49,47,83,6,185,0.9896907216494846,0.9791666666666666,0.9939393939393939,1.0,0.9906991955638862,0.9891891891891892,Dual / Editor,1.0,0.9591836734693877,1.0,1.0,0.9897959183673469,0.9891891891891892,0.9795918367346939,1.0,0.9879518072289156,1.0,0.9918859109909024,0.9891891891891892,2026,1.0,0.9148936170212766,0.9879518072289156,1.0,0.975711356062548,0.9891891891891892,0.9574468085106382,1.0,1.0,0.9879518072289156,1.0,0.9969879518072289,1.0,1.0
0.8533724340175953,0.959255867336796,0.9682020278463377,0–200,87,91,149,14,341,0.9101796407185628,0.7956989247311828,0.881578947368421,0.56,0.7868643782045416,0.8533724340175953,Dual / Editor,0.95,0.7789473684210526,0.864516129032258,0.6363636363636364,0.8074567834542367,0.8533724340175953,0.8735632183908046,0.8131868131868132,0.8993288590604027,0.5,0.7715197226595052,0.8533724340175953,3407,0.8045977011494253,0.3956043956043956,0.4563758389261745,0.5,0.5391444839199988,0.6187683284457478,0.44780219780219777,0.9770114942528736,0.7472527472527473,0.8187919463087249,0.6428571428571429,0.7964783326678722,0.8621700879765396,0.695054945054945
0.9336734693877551,0.9838389874039749,0.9844540221336349,200–400,329,349,591,103,1372,0.9862595419847329,0.9198813056379822,0.9343065693430657,0.7912087912087912,0.907914052043643,0.9336734693877551,Dual / Editor,0.99079754601227,0.9538461538461539,0.897196261682243,0.9113924050632911,0.9383080916509895,0.9336734693877551,0.9817629179331308,0.8882521489971347,0.9746192893401016,0.6990291262135923,0.8859158706209899,0.9336734693877551,3407,0.9969604863221885,0.836676217765043,0.7478849407783418,0.7184466019417476,0.8249920617018303,0.7565597667638484,0.7775614098533953,1.0,0.9598853868194842,0.9543147208121827,0.8349514563106796,0.9372878909855867,0.9591836734693877,0.8974184215650819
0.9420442571127503,0.9867747577627065,0.9895345811667247,400–600,248,214,432,55,949,0.9959514170040485,0.908641975308642,0.9426048565121413,0.7956989247311828,0.9107242933890036,0.9420442571127503,Dual / Editor,1.0,0.9633507853403142,0.9008438818565401,0.9736842105263158,0.9594697194307926,0.9420442571127503,0.9919354838709677,0.8598130841121495,0.9884259259259259,0.6727272727272727,0.878225441659079,0.9420442571127503,3407,1.0,0.8785046728971962,0.8194444444444444,0.7818181818181819,0.8699418247899556,0.8830347734457323,0.830161427357689,1.0,0.9766355140186916,0.9699074074074074,0.8545454545454545,0.9502720939928884,0.9726027397260274,0.915590484282073
0.9716713881019831,0.9980088728761404,0.9956022438186648,600–800,87,99,151,16,353,1.0,0.9633507853403142,0.967948717948718,0.896551724137931,0.9569628068567408,0.9716713881019831,Dual / Editor,1.0,1.0,0.937888198757764,1.0,0.984472049689441,0.9716713881019831,1.0,0.9292929292929293,1.0,0.8125,0.9354482323232323,0.9716713881019831,3407,1.0,0.9595959595959596,0.9735099337748344,0.9375,0.9676514733426985,0.9745042492917847,0.9485479797979798,1.0,0.9797979797979798,1.0,1.0,0.9949494949494949,0.9858356940509915,0.9898989898989898
0.9567567567567568,0.9993061979648474,0.99809106403701,800+,49,47,83,6,185,0.9791666666666666,0.9230769230769231,0.9651162790697675,0.9090909090909091,0.9441126944760666,0.9567567567567568,Dual / Editor,1.0,0.9545454545454546,0.9325842696629213,1.0,0.9717824310520939,0.9567567567567568,0.9591836734693877,0.8936170212765957,1.0,0.8333333333333334,0.9215335070198293,0.9567567567567568,3407,1.0,0.851063829787234,1.0,1.0,0.9627659574468085,0.9405405405405406,0.925531914893617,1.0,1.0,1.0,1.0,1.0,0.9891891891891892,1.0
0.8797653958944281,0.9677179032227012,0.9775629724546573,0–200,87,91,149,14,341,0.9431818181818182,0.8279569892473119,0.89419795221843,0.6666666666666666,0.8330008565785566,0.8797653958944281,Creator + Editor,0.9325842696629213,0.8105263157894737,0.9097222222222222,0.6923076923076923,0.8362851249955774,0.8797653958944281,0.9540229885057471,0.8461538461538461,0.8791946308724832,0.6428571428571429,0.8305571520973049,0.8797653958944281,42,0.8850574712643678,0.5054945054945055,0.3422818791946309,0.6428571428571429,0.5939227497026618,0.7360703812316716,0.5741758241758241,0.9540229885057471,0.7802197802197802,0.8523489932885906,0.7857142857142857,0.8430765119321009,0.8973607038123167,0.782967032967033
0.9424198250728864,0.9842879094735335,0.9897624501695721,200–400,329,349,591,103,1372,0.9849397590361446,0.9423631123919308,0.9438390611902766,0.7875647668393783,0.9146766748644326,0.9424198250728864,Creator + Editor,0.9761194029850746,0.9478260869565217,0.9352159468438538,0.8444444444444444,0.9259014703074737,0.9424198250728864,0.993920972644377,0.9369627507163324,0.9526226734348562,0.7378640776699029,0.9053426186163671,0.9424198250728864,42,1.0,0.8911174785100286,0.6006768189509306,0.7378640776699029,0.8074145937827156,0.8950437317784257,0.8144907780899657,1.0,0.9742120343839542,0.9593908629441624,0.8349514563106796,0.9421385884096991,0.9701166180758017,0.9045817453473168
0.958904109589041,0.9839382368555826,0.9910465344808633,400–600,248,214,432,55,949,0.9979879275653923,0.9485981308411215,0.9590909090909091,0.7956989247311828,0.9253439730571513,0.958904109589041,Creator + Editor,0.9959839357429718,0.9485981308411215,0.9419642857142857,0.9736842105263158,0.9650576407061737,0.958904109589041,1.0,0.9485981308411215,0.9768518518518519,0.6727272727272727,0.8995443138550616,0.958904109589041,42,1.0,0.8878504672897196,0.6481481481481481,0.7454545454545455,0.8203632902231034,0.9441517386722866,0.8166525063721326,1.0,0.9953271028037384,0.9768518518518519,0.8181818181818182,0.9475901932093522,0.9810326659641728,0.9067544604927783
0.9858356940509915,0.9990536038500639,0.998804259724418,600–800,87,99,151,16,353,1.0,0.9897959183673469,0.9836065573770492,0.9032258064516129,0.9691570705490022,0.9858356940509915,Creator + Editor,1.0,1.0,0.974025974025974,0.9333333333333333,0.9768398268398268,0.9858356940509915,1.0,0.9797979797979798,0.9933774834437086,0.875,0.962043865810422,0.9858356940509915,42,1.0,0.9797979797979798,0.9867549668874173,0.9375,0.9760132366713492,0.9915014164305949,0.9586489898989898,1.0,0.98989898989899,1.0,1.0,0.9974747474747475,0.9943342776203966,0.994949494949495
0.9837837837837838,0.9998047913480116,0.9998149500852204,800+,49,47,83,6,185,1.0,0.9787234042553191,0.9818181818181818,0.9230769230769231,0.9709046272876061,0.9837837837837838,Creator + Editor,1.0,0.9787234042553191,0.9878048780487805,0.8571428571428571,0.9559177848617392,0.9837837837837838,1.0,0.9787234042553191,0.9759036144578314,1.0,0.9886567546782876,0.9837837837837838,42,1.0,1.0,0.9759036144578314,1.0,0.9939759036144579,0.9945945945945946,1.0,1.0,1.0,1.0,1.0,1.0,1.0,1.0
0.8621700879765396,0.9558936066828718,0.9716462706719069,0–200,87,91,149,14,341,0.9024390243902439,0.7853403141361257,0.9019607843137255,0.6666666666666666,0.8141016973766904,0.8621700879765396,Creator + Editor,0.961038961038961,0.75,0.8789808917197452,1.0,0.8975049631896765,0.8621700879765396,0.8505747126436781,0.8241758241758241,0.9261744966442953,0.5,0.7752312583659493,0.8621700879765396,2026,0.7931034482758621,0.4065934065934066,0.4228187919463087,0.5714285714285714,0.5484860545610372,0.656891495601173,0.489010989010989,0.9655172413793104,0.7582417582417582,0.8791946308724832,0.6428571428571429,0.8114526933376737,0.8768328445747801,0.7005494505494505
0.9314868804664723,0.98201084653399,0.9864755721113934,200–400,329,349,591,103,1372,0.9831546707503829,0.9215406562054208,0.9352989352989353,0.7455621301775148,0.8963890981080633,0.9314868804664723,Creator + Editor,0.9907407407407407,0.9176136363636364,0.9063492063492063,0.9545454545454546,0.9423122594997595,0.9314868804664723,0.9756838905775076,0.9255014326647565,0.9661590524534687,0.6116504854368932,0.8697487152831564,0.9314868804664723,2026,0.993920972644377,0.8080229226361032,0.583756345177665,0.7281553398058253,0.7784638950659926,0.8447521865889213,0.7680891312209642,1.0,0.9684813753581661,0.9543147208121827,0.8349514563106796,0.9394368881202572,0.9620991253644315,0.9017164158344229
0.9430979978925185,0.9852388608936573,0.9893596979498505,400–600,248,214,432,55,949,0.991869918699187,0.9299065420560748,0.9451287793952967,0.7058823529411765,0.8931968982729338,0.9430979978925185,Creator + Editor,1.0,0.9299065420560748,0.9154013015184381,1.0,0.9613269608936282,0.9430979978925185,0.9838709677419355,0.9299065420560748,0.9768518518518519,0.5454545454545454,0.8590209767761019,0.9430979978925185,2026,1.0,0.8598130841121495,0.5671296296296297,0.7454545454545455,0.7930993147990812,0.898840885142255,0.8026338147833475,1.0,0.9626168224299065,0.9629629629629629,0.8,0.9313949463482174,0.9726027397260274,0.8813084112149533
0.9745042492917847,0.9979162010459259,0.9979589489255726,600–800,87,99,151,16,353,0.9942196531791907,0.9795918367346939,0.9741935483870968,0.8148148148148148,0.940704963278949,0.9745042492917847,Creator + Editor,1.0,0.9896907216494846,0.949685534591195,1.0,0.9848440640601699,0.9745042492917847,0.9885057471264368,0.9696969696969697,1.0,0.6875,0.9114256792058516,0.9745042492917847,2026,1.0,1.0,1.0,0.9375,0.984375,0.9830028328611898,0.96875,1.0,1.0,1.0,0.9375,0.984375,0.9971671388101983,0.96875
0.972972972972973,0.9993532794180628,0.9981202824446068,800+,49,47,83,6,185,0.9791666666666666,0.9574468085106383,0.9822485207100592,0.9090909090909091,0.9569882262445684,0.972972972972973,Creator + Editor,1.0,0.9574468085106383,0.9651162790697675,1.0,0.9806407718951015,0.972972972972973,0.9591836734693877,0.9574468085106383,1.0,0.8333333333333334,0.9374909538283399,0.972972972972973,2026,1.0,0.9361702127659575,1.0,1.0,0.9840425531914894,0.9783783783783784,0.9680851063829787,1.0,1.0,1.0,1.0,1.0,0.9945945945945946,1.0
0.8651026392961877,0.959831312937973,0.9686248541607543,0–200,87,91,149,14,341,0.9036144578313253,0.806282722513089,0.8976897689768977,0.6363636363636364,0.810987646421237,0.8651026392961877,Creator + Editor,0.9493670886075949,0.77,0.8831168831168831,0.875,0.8693709929311195,0.8651026392961877,0.8620689655172413,0.8461538461538461,0.912751677852349,0.5,0.7802436223808591,0.8651026392961877,3407,0.7816091954022989,0.31868131868131866,0.5637583892617449,0.6428571428571429,0.5767265115506264,0.5571847507331378,0.4807692307692308,0.9655172413793104,0.7472527472527473,0.8456375838926175,0.6428571428571429,0.8003161788454545,0.8709677419354839,0.695054945054945
0.9380466472303207,0.9845558457208046,0.9852381341957858,200–400,329,349,591,103,1372,0.9862595419847329,0.9287749287749287,0.9395194697597349,0.7888888888888889,0.9108607073520714,0.9380466472303207,Creator + Editor,0.99079754601227,0.9235127478753541,0.9204545454545454,0.922077922077922,0.9392106903550228,0.9380466472303207,0.9817629179331308,0.9340974212034384,0.9593908629441624,0.6893203883495146,0.8911428976075616,0.9380466472303207,3407,0.9969604863221885,0.8510028653295129,0.6582064297800339,0.7184466019417476,0.8061540958433707,0.8527696793002916,0.7847247336356302,0.9969604863221885,0.9656160458452722,0.949238578680203,0.8349514563106796,0.9366916417895859,0.9642857142857143,0.9002837510779759
0.9494204425711275,0.9884299923477027,0.9910222914105876,400–600,248,214,432,55,949,0.9939148073022313,0.927400468384075,0.9514124293785311,0.7956989247311828,0.917106657449005,0.9494204425711275,Creator + Editor,1.0,0.9295774647887324,0.9293598233995585,0.9736842105263158,0.9581553746786518,0.9494204425711275,0.9879032258064516,0.9252336448598131,0.9745370370370371,0.6727272727272727,0.8901002951076437,0.9494204425711275,3407,1.0,0.8271028037383178,0.8078703703703703,0.7818181818181819,0.8541978389817174,0.9051633298208641,0.8044604927782498,1.0,0.9813084112149533,0.9675925925925926,0.8545454545454545,0.95086161458825,0.9810326659641728,0.9179269328802039
0.9773371104815864,0.9976253457380035,0.9966294569413126,600–800,87,99,151,16,353,1.0,0.9743589743589743,0.9771986970684039,0.8666666666666667,0.9545560845235113,0.9773371104815864,Creator + Editor,1.0,0.9895833333333334,0.9615384615384616,0.9285714285714286,0.9699233058608059,0.9773371104815864,1.0,0.9595959595959596,0.9933774834437086,0.8125,0.941368360759917,0.9773371104815864,3407,1.0,0.9696969696969697,0.9668874172185431,0.8125,0.9372710967288782,0.9801699716713881,0.8910984848484849,1.0,0.98989898989899,1.0,1.0,0.9974747474747475,0.9943342776203966,0.994949494949495
0.972972972972973,0.9995760098674067,0.9981689797906015,800+,49,47,83,6,185,0.968421052631579,0.9473684210526315,0.9880952380952381,1.0,0.9759711779448621,0.972972972972973,Creator + Editor,1.0,0.9375,0.9764705882352941,1.0,0.9784926470588236,0.972972972972973,0.9387755102040817,0.9574468085106383,1.0,1.0,0.9740555796786801,0.972972972972973,3407,1.0,0.9148936170212766,1.0,1.0,0.9787234042553191,0.972972972972973,0.9574468085106382,1.0,1.0,1.0,1.0,1.0,0.9945945945945946,1.0
0.8885630498533724,0.9677134780364107,0.9772591108320936,0–200,87,91,149,14,341,0.9378531073446328,0.8216216216216217,0.9090909090909091,0.782608695652174,0.8627935834273344,0.8885630498533724,Creator-only,0.9222222222222223,0.8085106382978723,0.9121621621621622,1.0,0.9107237556705642,0.8885630498533724,0.9540229885057471,0.8351648351648352,0.9060402684563759,0.6428571428571429,0.8345213087460253,0.8885630498533724,42,0.8045977011494253,0.4945054945054945,0.42953020134228187,0.6428571428571429,0.5928726349635862,0.7096774193548387,0.5686813186813187,0.9655172413793104,0.8021978021978022,0.8791946308724832,0.7142857142857143,0.8402988471838275,0.9120234604105572,0.7582417582417582
0.9453352769679301,0.9836645626656588,0.9882115799255979,200–400,329,349,591,103,1372,0.9879154078549849,0.94,0.9463986599664992,0.8085106382978723,0.9207061765298391,0.9453352769679301,Creator-only,0.9819819819819819,0.9373219373219374,0.9369817578772802,0.8941176470588236,0.9376008310600058,0.9453352769679301,0.993920972644377,0.9426934097421203,0.9560067681895094,0.7378640776699029,0.9076213070614774,0.9453352769679301,42,1.0,0.8939828080229226,0.6429780033840947,0.7475728155339806,0.8211334067352495,0.902332361516035,0.8207778117784517,1.0,0.9684813753581661,0.9627749576988156,0.8058252427184466,0.934270393943857,0.9701166180758017,0.8871533090383064
0.9631190727081138,0.9842845539591425,0.9903507028454702,400–600,248,214,432,55,949,0.9979879275653923,0.951276102088167,0.9634703196347032,0.8297872340425532,0.9356303958327039,0.9631190727081138,Creator-only,0.9959839357429718,0.9447004608294931,0.9504504504504504,1.0,0.9727837117557289,0.9631190727081138,1.0,0.9579439252336449,0.9768518518518519,0.7090909090909091,0.9109716715441014,0.9631190727081138,42,1.0,0.8551401869158879,0.6365740740740741,0.7454545454545455,0.8092922016111269,0.934668071654373,0.8002973661852166,1.0,1.0,0.9791666666666666,0.7818181818181819,0.9402462121212121,0.9810326659641728,0.8909090909090909
0.9858356940509915,0.9980489536117969,0.9976299197222245,600–800,87,99,151,16,353,1.0,0.9897959183673469,0.9868421052631579,0.875,0.9629095059076263,0.9858356940509915,Creator-only,1.0,1.0,0.9803921568627451,0.875,0.9638480392156863,0.9858356940509915,1.0,0.9797979797979798,0.9933774834437086,0.875,0.962043865810422,0.9858356940509915,42,1.0,0.9797979797979798,0.9735099337748344,0.9375,0.9727019783932035,0.9915014164305949,0.9586489898989898,1.0,0.98989898989899,1.0,0.9375,0.9818497474747475,0.9943342776203966,0.963699494949495
0.9837837837837838,0.999639112580266,0.9997565132700268,800+,49,47,83,6,185,1.0,0.9894736842105263,0.9815950920245399,0.8571428571428571,0.9570529083444809,0.9837837837837838,Creator-only,1.0,0.9791666666666666,1.0,0.75,0.9322916666666666,0.9837837837837838,1.0,1.0,0.963855421686747,1.0,0.9909638554216867,0.9837837837837838,42,1.0,1.0,0.9759036144578314,1.0,0.9939759036144579,0.9891891891891892,1.0,1.0,1.0,1.0,1.0,1.0,1.0,1.0
0.8709677419354839,0.9669054655540189,0.9713753751687723,0–200,87,91,149,14,341,0.9012345679012346,0.8076923076923077,0.9103448275862069,0.7272727272727273,0.8366361076131192,0.8709677419354839,Creator-only,0.9733333333333334,0.717948717948718,0.9361702127659575,1.0,0.9068630660120022,0.8709677419354839,0.8390804597701149,0.9230769230769231,0.8859060402684564,0.5714285714285714,0.8048729986360164,0.8709677419354839,2026,0.8620689655172413,0.27472527472527475,0.48322147651006714,0.5714285714285714,0.5478610720452887,0.6099706744868035,0.4230769230769231,0.9655172413793104,0.8461538461538461,0.8859060402684564,0.6428571428571429,0.8351085676646889,0.8826979472140762,0.7445054945054945
0.9409620991253644,0.9814196706536404,0.9867531456564298,200–400,329,349,591,103,1372,0.9815950920245399,0.9335180055401662,0.9471919530595139,0.7796610169491526,0.9104915168933431,0.9409620991253644,Creator-only,0.9907120743034056,0.903485254691689,0.9385382059800664,0.9324324324324325,0.9412919918518984,0.9409620991253644,0.9726443768996961,0.9656160458452722,0.9560067681895094,0.6699029126213593,0.8910425258889593,0.9409620991253644,2026,0.9969604863221885,0.8595988538681948,0.5871404399323181,0.7475728155339806,0.7978181489141705,0.8826530612244898,0.8035858347010877,1.0,0.9799426934097422,0.9627749576988156,0.8155339805825242,0.9395629079227705,0.9730320699708455,0.8977383369961331
0.9515279241306639,0.9857970081953585,0.9893278673537634,400–600,248,214,432,55,949,0.991869918699187,0.9360730593607306,0.9555302166476625,0.7692307692307693,0.9131759909845873,0.9515279241306639,Creator-only,1.0,0.9151785714285714,0.9415730337078652,0.9722222222222222,0.9572434568396647,0.9515279241306639,0.9838709677419355,0.9579439252336449,0.9699074074074074,0.6363636363636364,0.887021484186656,0.9515279241306639,2026,1.0,0.9158878504672897,0.6620370370370371,0.7454545454545455,0.8308448582397181,0.9251844046364595,0.8306711979609176,1.0,0.985981308411215,0.9699074074074074,0.8181818181818182,0.9435176335001102,0.9778714436248683,0.9020815632965167
0.9915014164305949,0.997530613993242,0.9981154384247258,600–800,87,99,151,16,353,1.0,0.9949748743718593,0.9900990099009901,0.9333333333333333,0.9796018044015458,0.9915014164305949,Creator-only,1.0,0.99,0.9868421052631579,1.0,0.9942105263157894,0.9915014164305949,1.0,1.0,0.9933774834437086,0.875,0.9670943708609272,0.9915014164305949,2026,1.0,1.0,0.9933774834437086,0.9375,0.9827193708609272,0.9971671388101983,0.96875,1.0,1.0,1.0,0.9375,0.984375,0.9971671388101983,0.96875
0.9837837837837838,0.9988952654498934,0.9983150718285854,800+,49,47,83,6,185,0.9791666666666666,0.9690721649484536,0.9939393939393939,1.0,0.9855445563886285,0.9837837837837838,Creator-only,1.0,0.94,1.0,1.0,0.985,0.9837837837837838,0.9591836734693877,1.0,0.9879518072289156,1.0,0.9867838701745758,0.9837837837837838,2026,1.0,0.8297872340425532,0.9879518072289156,1.0,0.9544347603178672,0.9891891891891892,0.9148936170212766,1.0,1.0,0.9879518072289156,1.0,0.9969879518072289,0.9945945945945946,1.0
0.8709677419354839,0.9581402948049725,0.9683854914675083,0–200,87,91,149,14,341,0.9166666666666666,0.8287292817679558,0.8976897689768977,0.6,0.81077142935288,0.8709677419354839,Creator-only,0.9506172839506173,0.8333333333333334,0.8831168831168831,0.5625,0.8073918751002084,0.8709677419354839,0.8850574712643678,0.8241758241758241,0.912751677852349,0.6428571428571429,0.816210529037421,0.8709677419354839,3407,0.8505747126436781,0.43956043956043955,0.5906040268456376,0.5,0.5951847947624388,0.5571847507331378,0.4697802197802198,0.9655172413793104,0.7692307692307693,0.7785234899328859,0.6428571428571429,0.7890321608500271,0.873900293255132,0.7060439560439561
0.9409620991253644,0.9839234510897452,0.9873663751214771,200–400,329,349,591,103,1372,0.9862595419847329,0.9406657018813314,0.9408825978351374,0.7918781725888325,0.9149215035725086,0.9409620991253644,Creator-only,0.99079754601227,0.9502923976608187,0.9262295081967213,0.8297872340425532,0.9242766714780908,0.9409620991253644,0.9817629179331308,0.9312320916905444,0.9560067681895094,0.7572815533980582,0.9065708328028107,0.9409620991253644,3407,0.9969604863221885,0.8452722063037249,0.7681895093062606,0.7572815533980582,0.8419259388325581,0.857871720116618,0.8012768798508916,1.0,0.9742120343839542,0.9475465313028765,0.8058252427184466,0.9318959521013194,0.9650145772594753,0.8900186385512003
0.9546891464699684,0.9890409087374117,0.9926214087407558,400–600,248,214,432,55,949,0.9939393939393939,0.9301204819277108,0.9582863585118376,0.8316831683168316,0.9285073506739435,0.9546891464699684,Creator-only,0.9959514170040485,0.9601990049751243,0.9340659340659341,0.9130434782608695,0.9508149585764941,0.9546891464699684,0.9919354838709677,0.9018691588785047,0.9837962962962963,0.7636363636363637,0.9103093256705331,0.9546891464699684,3407,1.0,0.9018691588785047,0.8333333333333334,0.7636363636363637,0.8747097139620504,0.9304531085353003,0.8327527612574341,1.0,0.9906542056074766,0.9722222222222222,0.8545454545454545,0.9543554705937883,0.9789251844046365,0.9225998300764655
0.9660056657223796,0.9957265774582347,0.9956463818825285,600–800,87,99,151,16,353,1.0,0.9633507853403142,0.9607843137254902,0.8571428571428571,0.9453194890521655,0.9660056657223796,Creator-only,1.0,1.0,0.9483870967741935,0.7894736842105263,0.93446519524618,0.9660056657223796,1.0,0.9292929292929293,0.9735099337748344,0.9375,0.960075715766941,0.9660056657223796,3407,1.0,0.9797979797979798,0.9470198675496688,0.9375,0.9660794618369122,0.9631728045325779,0.9586489898989898,1.0,0.98989898989899,0.9801324503311258,0.9375,0.976882860057529,0.9886685552407932,0.963699494949495
0.9621621621621622,0.9990970029107014,0.9978573167762357,800+,49,47,83,6,185,0.9896907216494846,0.9318181818181818,0.9595375722543352,1.0,0.9702616189305003,0.9621621621621622,Creator-only,1.0,1.0,0.9222222222222223,1.0,0.9805555555555556,0.9621621621621622,0.9795918367346939,0.8723404255319149,1.0,1.0,0.9629830655666523,0.9621621621621622,3407,1.0,0.8723404255319149,0.963855421686747,1.0,0.9590489618046655,0.9513513513513514,0.9361702127659575,1.0,1.0,1.0,1.0,1.0,0.9945945945945946,1.0
0.8797653958944281,0.9654340789733399,0.9752080448797883,0–200,87,91,149,14,341,0.9310344827586207,0.8369565217391305,0.8956228956228957,0.6666666666666666,0.8325701416968283,0.8797653958944281,"Creator, no fusion",0.9310344827586207,0.8279569892473119,0.8986486486486487,0.6923076923076923,0.8374869532405684,0.8797653958944281,0.9310344827586207,0.8461538461538461,0.8926174496644296,0.6428571428571429,0.8281657303585098,0.8797653958944281,42,0.8045977011494253,0.4725274725274725,0.5167785234899329,0.6428571428571429,0.6091902100059934,0.6891495601173021,0.5576923076923077,0.9770114942528736,0.7912087912087912,0.8456375838926175,0.7142857142857143,0.8320358959099992,0.9002932551319648,0.7527472527472527
0.9395043731778425,0.984500843758112,0.989599624731192,200–400,329,349,591,103,1372,0.990909090909091,0.9353932584269663,0.9370748299319728,0.7959183673469388,0.9148238866537421,0.9395043731778425,"Creator, no fusion",0.9879154078549849,0.9173553719008265,0.9418803418803419,0.8387096774193549,0.921465199763877,0.9395043731778425,0.993920972644377,0.9541547277936963,0.9323181049069373,0.7572815533980582,0.9094188396857672,0.9395043731778425,42,0.9969604863221885,0.8567335243553008,0.637901861252115,0.7475728155339806,0.8097921718658962,0.8841107871720116,0.8021531699446407,1.0,0.9799426934097422,0.9441624365482234,0.8446601941747572,0.9421913310331808,0.9708454810495627,0.9123014437922496
0.958904109589041,0.9842580551386826,0.990448785496204,400–600,248,214,432,55,949,0.9979879275653923,0.9468822170900693,0.9608294930875576,0.8,0.9264249094357548,0.958904109589041,"Creator, no fusion",0.9959839357429718,0.9360730593607306,0.9564220183486238,0.8888888888888888,0.9443419755853038,0.958904109589041,1.0,0.9579439252336449,0.9652777777777778,0.7272727272727273,0.9126236075710374,0.958904109589041,42,1.0,0.8738317757009346,0.6712962962962963,0.7272727272727273,0.8181001998174895,0.934668071654373,0.800552251486831,1.0,0.9953271028037384,0.9699074074074074,0.8,0.9413086275527864,0.9799789251844047,0.8976635514018692
0.9830028328611898,0.9982847116269997,0.9985568190633635,600–800,87,99,151,16,353,1.0,0.9897959183673469,0.9834983498349835,0.8484848484848485,0.9554447791717948,0.9830028328611898,"Creator, no fusion",1.0,1.0,0.9802631578947368,0.8235294117647058,0.9509481424148607,0.9830028328611898,1.0,0.9797979797979798,0.9867549668874173,0.875,0.9603882366713492,0.9830028328611898,42,1.0,0.9797979797979798,0.9337748344370861,0.875,0.9471432035587665,0.9886685552407932,0.9273989898989898,1.0,0.9797979797979798,1.0,1.0,0.9949494949494949,0.9915014164305949,0.9898989898989898
0.9783783783783784,0.997793116265959,0.9985585585585585,800+,49,47,83,6,185,0.9896907216494846,0.9791666666666666,0.9815950920245399,0.8571428571428571,0.9518988343708871,0.9783783783783784,"Creator, no fusion",1.0,0.9591836734693877,1.0,0.75,0.9272959183673469,0.9783783783783784,0.9795918367346939,1.0,0.963855421686747,1.0,0.9858618146053602,0.9783783783783784,42,1.0,1.0,0.963855421686747,0.8333333333333334,0.9492971887550201,0.9837837837837838,0.9166666666666667,1.0,1.0,0.963855421686747,1.0,0.9909638554216867,0.9891891891891892,1.0
0.8826979472140762,0.9610796619674657,0.9714613737411959,0–200,87,91,149,14,341,0.9285714285714286,0.8350515463917526,0.9066666666666666,0.6,0.817572410407462,0.8826979472140762,"Creator, no fusion",0.9629629629629629,0.7864077669902912,0.9006622516556292,1.0,0.9125082454022209,0.8826979472140762,0.896551724137931,0.8901098901098901,0.912751677852349,0.42857142857142855,0.7819961801678996,0.8826979472140762,2026,0.8390804597701149,0.3516483516483517,0.5369127516778524,0.5714285714285714,0.5747675336312226,0.5865102639296188,0.46153846153846156,0.9770114942528736,0.8131868131868132,0.8791946308724832,0.5714285714285714,0.8102053774351854,0.9090909090909091,0.6923076923076923
0.9424198250728864,0.9801717775108135,0.9848096881401456,200–400,329,349,591,103,1372,0.9862595419847329,0.9335219236209336,0.9470198675496688,0.7816091954022989,0.9121026321394085,0.9424198250728864,"Creator, no fusion",0.99079754601227,0.9217877094972067,0.9270664505672609,0.9577464788732394,0.9493495462374942,0.9424198250728864,0.9817629179331308,0.9455587392550143,0.9678510998307953,0.6601941747572816,0.8888417329440556,0.9424198250728864,2026,0.9969604863221885,0.8939828080229226,0.0,0.7572815533980582,0.6620562119357923,0.8797376093294461,0.8256321807104905,1.0,0.9770773638968482,0.9678510998307953,0.7864077669902912,0.9328340576794837,0.9664723032069971,0.8817425654435698
0.9546891464699684,0.9810578993321093,0.9869213262402922,400–600,248,214,432,55,949,0.9939393939393939,0.9433962264150944,0.9573033707865168,0.7640449438202247,0.9146709837403075,0.9546891464699684,"Creator, no fusion",0.9959514170040485,0.9523809523809523,0.9301310043668122,1.0,0.9696158434379533,0.9546891464699684,0.9919354838709677,0.9345794392523364,0.9861111111111112,0.6181818181818182,0.8827019631040584,0.9546891464699684,2026,1.0,0.9205607476635514,0.6157407407407407,0.7272727272727273,0.8158935539192549,0.9241306638566913,0.8239167374681393,1.0,0.9766355140186916,0.9837962962962963,0.7636363636363637,0.9310170434878379,0.9747102212855637,0.8701359388275276
0.9830028328611898,0.9991912114227298,0.9979977369210891,600–800,87,99,151,16,353,1.0,0.9897959183673469,0.9805194805194806,0.8571428571428571,0.9568645640074213,0.9830028328611898,"Creator, no fusion",1.0,1.0,0.9617834394904459,1.0,0.9904458598726115,0.9830028328611898,1.0,0.9797979797979798,1.0,0.75,0.9324494949494949,0.9830028328611898,2026,1.0,0.98989898989899,0.9933774834437086,0.9375,0.9801941183356746,0.9886685552407932,0.963699494949495,1.0,1.0,1.0,1.0,1.0,0.9943342776203966,1.0
0.9891891891891892,0.9998874549819928,0.9982955928901875,800+,49,47,83,6,185,0.9896907216494846,1.0,0.9880952380952381,0.9090909090909091,0.971719217208908,0.9891891891891892,"Creator, no fusion",1.0,1.0,0.9764705882352941,1.0,0.9941176470588236,0.9891891891891892,0.9795918367346939,1.0,1.0,0.8333333333333334,0.9532312925170069,0.9891891891891892,2026,0.9795918367346939,1.0,1.0,1.0,0.9948979591836735,0.9945945945945946,1.0,1.0,1.0,1.0,1.0,1.0,0.9945945945945946,1.0
0.8621700879765396,0.9663456429720723,0.9731369125939175,0–200,87,91,149,14,341,0.9101796407185628,0.8152173913043478,0.8954248366013072,0.48,0.7752054671560544,0.8621700879765396,"Creator, no fusion",0.95,0.8064516129032258,0.8726114649681529,0.5454545454545454,0.793629405831481,0.8621700879765396,0.8735632183908046,0.8241758241758241,0.9194630872483222,0.42857142857142855,0.7614433895965949,0.8621700879765396,3407,0.8390804597701149,0.43956043956043955,0.436241610738255,0.42857142857142855,0.5358634846600595,0.6480938416422287,0.4340659340659341,0.9655172413793104,0.7582417582417582,0.825503355704698,0.6428571428571429,0.7980298745457274,0.8856304985337243,0.7005494505494505
0.9402332361516035,0.9839949568778039,0.9870958847929009,200–400,329,349,591,103,1372,0.9862595419847329,0.9346879535558781,0.9406919275123559,0.7956989247311828,0.9143345869460373,0.9402332361516035,"Creator, no fusion",0.99079754601227,0.9470588235294117,0.9165329052969502,0.891566265060241,0.9364888849747183,0.9402332361516035,0.9817629179331308,0.9226361031518625,0.9661590524534687,0.7184466019417476,0.8972511688700524,0.9402332361516035,3407,0.9969604863221885,0.8624641833810889,0.6751269035532995,0.7281553398058253,0.8156767282656006,0.8352769679300291,0.795309761593457,1.0,0.9656160458452722,0.9593908629441624,0.8252427184466019,0.9375624068090092,0.9628279883381924,0.895429382145937
0.9504741833508957,0.9868703619059105,0.9916329947076082,400–600,248,214,432,55,949,0.9939393939393939,0.9271844660194175,0.9521690767519466,0.8043478260869565,0.9194101906994286,0.9504741833508957,"Creator, no fusion",0.9959514170040485,0.9646464646464646,0.9164882226980728,1.0,0.9692715260871465,0.9504741833508957,0.9919354838709677,0.8925233644859814,0.9907407407407407,0.6727272727272727,0.8869817154562407,0.9504741833508957,3407,1.0,0.9112149532710281,0.7430555555555556,0.7636363636363637,0.8544767181157369,0.916754478398314,0.8374256584536959,1.0,0.9906542056074766,0.9791666666666666,0.8363636363636363,0.9515461271594449,0.9778714436248683,0.9135089209855565
0.9773371104815864,0.9985571692630046,0.9966588823172217,600–800,87,99,151,16,353,1.0,0.9740932642487047,0.9741935483870968,0.896551724137931,0.9612096341934331,0.9773371104815864,"Creator, no fusion",1.0,1.0,0.949685534591195,1.0,0.9874213836477987,0.9773371104815864,1.0,0.9494949494949495,1.0,0.8125,0.9404987373737373,0.9773371104815864,3407,1.0,0.9797979797979798,0.9602649006622517,0.875,0.9537657201150578,0.9801699716713881,0.9273989898989898,1.0,0.98989898989899,1.0,1.0,0.9974747474747475,0.9915014164305949,0.994949494949495
0.9621621621621622,0.9996530989824237,0.9973508643778914,800+,49,47,83,6,185,0.9791666666666666,0.945054945054945,0.9651162790697675,0.9090909090909091,0.9496071999705721,0.9621621621621622,"Creator, no fusion",1.0,0.9772727272727273,0.9325842696629213,1.0,0.9774642492339122,0.9621621621621622,0.9591836734693877,0.9148936170212766,1.0,0.8333333333333334,0.9268526559559994,0.9621621621621622,3407,1.0,0.9787234042553191,1.0,1.0,0.9946808510638298,0.9459459459459459,0.9893617021276595,1.0,1.0,1.0,1.0,1.0,0.9945945945945946,1.0
0.8709677419354839,0.9687262310383897,0.9767029867304202,0–200,87,91,149,14,341,0.9371428571428572,0.8186528497409327,0.8888888888888888,0.6153846153846154,0.8150173027893235,0.8709677419354839,All lambdas = 0,0.9318181818181818,0.7745098039215687,0.920863309352518,0.6666666666666666,0.8234644904397338,0.8709677419354839,0.9425287356321839,0.8681318681318682,0.8590604026845637,0.5714285714285714,0.8102873944692968,0.8709677419354839,42,0.8850574712643678,0.4835164835164835,0.3624161073825503,0.5714285714285714,0.5756046583979932,0.6920821114369502,0.5274725274725275,0.9540229885057471,0.7802197802197802,0.8389261744966443,0.8571428571428571,0.8575779500912571,0.8944281524926686,0.8186813186813187
0.9424198250728864,0.9854922908871782,0.9907699491708387,200–400,329,349,591,103,1372,0.9878787878787879,0.9451476793248945,0.9413763806287171,0.7857142857142857,0.9150292833866712,0.9424198250728864,All lambdas = 0,0.9848942598187311,0.9281767955801105,0.9453924914675768,0.8279569892473119,0.9216051340284326,0.9424198250728864,0.9908814589665653,0.9627507163323782,0.937394247038917,0.7475728155339806,0.9096498094679604,0.9424198250728864,42,1.0,0.9025787965616046,0.6700507614213198,0.7378640776699029,0.8276234089132068,0.8994169096209913,0.8202214371157537,1.0,0.9742120343839542,0.9560067681895094,0.8349514563106796,0.9412925647210358,0.9701166180758017,0.9045817453473168
0.9578503688092729,0.9852536844557553,0.9918739449175236,400–600,248,214,432,55,949,0.9979879275653923,0.9441860465116279,0.9577142857142857,0.8125,0.9280970649478265,0.9578503688092729,All lambdas = 0,0.9959839357429718,0.9398148148148148,0.945823927765237,0.9512195121951219,0.9582105476295364,0.9578503688092729,1.0,0.9485981308411215,0.9699074074074074,0.7090909090909091,0.9068991118348595,0.9578503688092729,42,1.0,0.8925233644859814,0.6388888888888888,0.7454545454545455,0.8192166997073539,0.9504741833508957,0.8189889549702634,1.0,1.0,0.9768518518518519,0.8,0.944212962962963,0.9810326659641728,0.9
0.9858356940509915,0.9989662579456167,0.999127938859419,600–800,87,99,151,16,353,1.0,0.9897959183673469,0.9836065573770492,0.9032258064516129,0.9691570705490022,0.9858356940509915,All lambdas = 0,1.0,1.0,0.974025974025974,0.9333333333333333,0.9768398268398268,0.9858356940509915,1.0,0.9797979797979798,0.9933774834437086,0.875,0.962043865810422,0.9858356940509915,42,1.0,0.9797979797979798,0.9735099337748344,0.9375,0.9727019783932035,0.9915014164305949,0.9586489898989898,1.0,0.98989898989899,1.0,1.0,0.9974747474747475,0.9943342776203966,0.994949494949495
0.9837837837837838,0.9995890674850461,0.999590942293645,800+,49,47,83,6,185,1.0,0.9894736842105263,0.9815950920245399,0.8571428571428571,0.9570529083444809,0.9837837837837838,All lambdas = 0,1.0,0.9791666666666666,1.0,0.75,0.9322916666666666,0.9837837837837838,1.0,1.0,0.963855421686747,1.0,0.9909638554216867,0.9837837837837838,42,1.0,1.0,0.9759036144578314,1.0,0.9939759036144579,0.9837837837837838,1.0,1.0,1.0,0.9879518072289156,1.0,0.9969879518072289,1.0,1.0
0.8709677419354839,0.966740999696297,0.9749815819724059,0–200,87,91,149,14,341,0.9364161849710982,0.8140703517587939,0.8850174216027874,0.6956521739130435,0.8327890330614307,0.8709677419354839,All lambdas = 0,0.9418604651162791,0.75,0.9202898550724637,0.8888888888888888,0.8752598022694079,0.8709677419354839,0.9310344827586207,0.8901098901098901,0.8523489932885906,0.5714285714285714,0.8112304843964182,0.8709677419354839,2026,0.8160919540229885,0.3626373626373626,0.5234899328859061,0.5714285714285714,0.5684119552437072,0.6451612903225806,0.46703296703296704,0.9655172413793104,0.7912087912087912,0.8523489932885906,0.6428571428571429,0.8129830421834587,0.9120234604105572,0.717032967032967
0.9409620991253644,0.9815040261196362,0.9874379156077258,200–400,329,349,591,103,1372,0.9863429438543247,0.9325842696629213,0.9446308724832215,0.7845303867403315,0.9120221181851997,0.9409620991253644,All lambdas = 0,0.9848484848484849,0.9146005509641874,0.9367720465890182,0.9102564102564102,0.9366193731645251,0.9409620991253644,0.9878419452887538,0.9512893982808023,0.9526226734348562,0.6893203883495146,0.8952686013384817,0.9409620991253644,2026,0.993920972644377,0.8481375358166189,0.6006768189509306,0.7475728155339806,0.7975770357364768,0.8892128279883382,0.7978551756752997,1.0,0.9828080229226361,0.9543147208121827,0.8252427184466019,0.9405913655453553,0.9723032069970845,0.9040253706846191
0.9504741833508957,0.9887826171176815,0.9916109723765943,400–600,248,214,432,55,949,0.9959839357429718,0.9373549883990719,0.9496567505720824,0.7789473684210526,0.9154857607837947,0.9504741833508957,All lambdas = 0,0.992,0.9308755760368663,0.9389140271493213,0.925,0.946697400796547,0.9504741833508957,1.0,0.9439252336448598,0.9606481481481481,0.6727272727272727,0.8943251636300702,0.9504741833508957,2026,1.0,0.8738317757009346,0.7037037037037037,0.7454545454545455,0.830747506214796,0.9157007376185459,0.8096431605777401,1.0,0.9813084112149533,0.9606481481481481,0.8545454545454545,0.949125503477139,0.9789251844046365,0.9179269328802039
0.9886685552407932,0.9986569744457787,0.9986116572639215,600–800,87,99,151,16,353,1.0,0.98989898989899,0.9868421052631579,0.9333333333333333,0.9775186071238704,0.9886685552407932,All lambdas = 0,1.0,0.98989898989899,0.9803921568627451,1.0,0.9925727866904338,0.9886685552407932,1.0,0.98989898989899,0.9933774834437086,0.875,0.9645691183356746,0.9886685552407932,2026,1.0,0.98989898989899,0.9668874172185431,0.9375,0.9735716017793833,0.9915014164305949,0.963699494949495,1.0,1.0,1.0,0.9375,0.984375,0.9971671388101983,0.96875
0.9891891891891892,0.9993487854667296,0.9996591185780375,800+,49,47,83,6,185,0.9896907216494846,0.9791666666666666,0.9939393939393939,1.0,0.9906991955638862,0.9891891891891892,All lambdas = 0,1.0,0.9591836734693877,1.0,1.0,0.9897959183673469,0.9891891891891892,0.9795918367346939,1.0,0.9879518072289156,1.0,0.9918859109909024,0.9891891891891892,2026,1.0,0.9361702127659575,0.9879518072289156,1.0,0.9810305049987182,0.9891891891891892,0.9680851063829787,1.0,1.0,0.9879518072289156,1.0,0.9969879518072289,1.0,1.0
0.8651026392961877,0.9631054973312005,0.9725205894915477,0–200,87,91,149,14,341,0.9230769230769231,0.806282722513089,0.8866666666666667,0.6363636363636364,0.8130974871550788,0.8651026392961877,All lambdas = 0,0.9512195121951219,0.77,0.8807947019867549,0.875,0.8692535535454692,0.8651026392961877,0.896551724137931,0.8461538461538461,0.8926174496644296,0.5,0.7838307549890517,0.8651026392961877,3407,0.8275862068965517,0.42857142857142855,0.5838926174496645,0.5,0.5850125632294112,0.5777126099706745,0.4642857142857143,0.9655172413793104,0.7912087912087912,0.8187919463087249,0.6428571428571429,0.8045937804384923,0.8797653958944281,0.717032967032967
0.9395043731778425,0.9839350249599882,0.9861705511025733,200–400,329,349,591,103,1372,0.9878048780487805,0.9331436699857752,0.9402985074626866,0.7821229050279329,0.9108424901312937,0.9395043731778425,All lambdas = 0,0.9908256880733946,0.9265536723163842,0.9219512195121952,0.9210526315789473,0.9400958028702303,0.9395043731778425,0.9848024316109423,0.9398280802292264,0.9593908629441624,0.6796116504854369,0.890908256317442,0.9395043731778425,3407,0.9969604863221885,0.8538681948424068,0.6175972927241963,0.7281553398058253,0.7991453284236543,0.8651603498542274,0.791011767324116,1.0,0.9656160458452722,0.9543147208121827,0.8349514563106796,0.9387205557420336,0.9657434402332361,0.9002837510779759
0.9515279241306639,0.9881155307812071,0.9914074046109209,400–600,248,214,432,55,949,0.9959514170040485,0.9370629370629371,0.9525959367945824,0.7640449438202247,0.9124138086704482,0.9515279241306639,All lambdas = 0,1.0,0.9348837209302325,0.9295154185022027,1.0,0.9660997848581088,0.9515279241306639,0.9919354838709677,0.9392523364485982,0.9768518518518519,0.6181818181818182,0.881555372588309,0.9515279241306639,3407,1.0,0.8691588785046729,0.7986111111111112,0.7818181818181819,0.8623970428584914,0.9146469968387777,0.8254885301614274,1.0,0.985981308411215,0.9722222222222222,0.8363636363636363,0.9486417917492684,0.9789251844046365,0.9111724723874257
0.9801699716713881,0.9982154116539137,0.9967525085132963,600–800,87,99,151,16,353,1.0,0.9743589743589743,0.9805194805194806,0.896551724137931,0.9628575447540965,0.9801699716713881,All lambdas = 0,1.0,0.9895833333333334,0.9617834394904459,1.0,0.9878416932059448,0.9801699716713881,1.0,0.9595959595959596,1.0,0.8125,0.9430239898989898,0.9801699716713881,3407,1.0,0.9696969696969697,0.9470198675496688,0.875,0.9479292093116596,0.9830028328611898,0.9223484848484849,1.0,0.98989898989899,1.0,1.0,0.9974747474747475,0.9915014164305949,0.994949494949495
0.9783783783783784,0.9996621136556894,0.9983929875821768,800+,49,47,83,6,185,0.9791666666666666,0.9583333333333334,0.9879518072289156,1.0,0.9813629518072289,0.9783783783783784,All lambdas = 0,1.0,0.9387755102040817,0.9879518072289156,1.0,0.9816818293582493,0.9783783783783784,0.9591836734693877,0.9787234042553191,0.9879518072289156,1.0,0.9814647212384056,0.9783783783783784,3407,1.0,0.9361702127659575,1.0,1.0,0.9840425531914894,0.9891891891891892,0.9680851063829787,1.0,1.0,1.0,1.0,1.0,0.9945945945945946,1.0
