accuracy_mean,accuracy_std,auroc_macro_mean,auroc_macro_std,auroc_micro_mean,auroc_micro_std,bucket,count_class_0,count_class_1,count_class_2,count_class_3,documents,f1_class_0_mean,f1_class_0_std,f1_class_1_mean,f1_class_1_std,f1_class_2_mean,f1_class_2_std,f1_class_3_mean,f1_class_3_std,f1_macro_mean,f1_macro_std,f1_micro_mean,f1_micro_std,method,precision_class_0_mean,precision_class_0_std,precision_class_1_mean,precision_class_1_std,precision_class_2_mean,precision_class_2_std,precision_class_3_mean,precision_class_3_std,precision_macro_mean,precision_macro_std,precision_micro_mean,precision_micro_std,recall_class_0_mean,recall_class_0_std,recall_class_1_mean,recall_class_1_std,recall_class_2_mean,recall_class_2_std,recall_class_3_mean,recall_class_3_std,recall_macro_mean,recall_macro_std,recall_micro_mean,recall_micro_std,tpr_at_1_fpr_class_0_mean,tpr_at_1_fpr_class_0_std,tpr_at_1_fpr_class_1_mean,tpr_at_1_fpr_class_1_std,tpr_at_1_fpr_class_2_mean,tpr_at_1_fpr_class_2_std,tpr_at_1_fpr_class_3_mean,tpr_at_1_fpr_class_3_std,tpr_at_1_fpr_macro_mean,tpr_at_1_fpr_macro_std,tpr_at_1_fpr_micro_mean,tpr_at_1_fpr_micro_std,tpr_at_1_fpr_mixed_avg_mean,tpr_at_1_fpr_mixed_avg_std,tpr_at_5_fpr_class_0_mean,tpr_at_5_fpr_class_0_std,tpr_at_5_fpr_class_1_mean,tpr_at_5_fpr_class_1_std,tpr_at_5_fpr_class_2_mean,tpr_at_5_fpr_class_2_std,tpr_at_5_fpr_class_3_mean,tpr_at_5_fpr_class_3_std,tpr_at_5_fpr_macro_mean,tpr_at_5_fpr_macro_std,tpr_at_5_fpr_micro_mean,tpr_at_5_fpr_micro_std,tpr_at_5_fpr_mixed_avg_mean,tpr_at_5_fpr_mixed_avg_std
0.8514173998044966,0.004479546133876673,0.9642067829304805,0.0015548670681075744,0.9713581754542874,0.0008080904617220116,0–200,87,91,149,14,341,0.9049389567147613,0.02116771068145346,0.7889513854322217,0.017718658054141717,0.8811261668404525,0.012691148701959499,0.6398601398601399,0.12237762237762238,0.8037191622118939,0.02332872357559943,0.8514173998044966,0.004479546133876673,Strong RACE,0.954199514105806,0.016525401424518856,0.7233780169077128,0.029723726092442677,0.8998734656208318,0.004588811568123354,0.7833333333333333,0.20207259421636903,0.8401960824919209,0.0463164796908895,0.8514173998044966,0.004479546133876673,0.8620689655172414,0.050102286707364066,0.8681318681318682,0.0,0.8635346756152126,0.027941825496189707,0.5476190476190477,0.10910894511799622,0.7853386392208423,0.023317421865617027,0.8514173998044966,0.004479546133876673,0.8199233716475096,0.01327241998137069,0.4468864468864469,0.02765507119146793,0.39373601789709173,0.09259150821733723,0.5476190476190477,0.10910894511799622,0.552041221012524,0.049163388963559464,0.64613880742913,0.006104592373800971,0.49725274725274726,0.05911383184436818,0.9616858237547893,0.006636209990685409,0.7582417582417582,0.04789998839055685,0.825503355704698,0.04400965452551677,0.6904761904761905,0.041239304942116105,0.808976782044359,0.01655358922234124,0.8533724340175953,0.0058651026392961825,0.7243589743589743,0.03984305845752212
0.9363459669582119,0.009895729764050695,0.9822382398416108,0.00218374828392827,0.9873405213813973,0.0008580005119017031,200–400,329,349,591,103,1372,0.9852726903855502,0.0008549524958461447,0.9283930732609645,0.013146164339991873,0.9380826167649366,0.012435865364552623,0.7829059636726412,0.01602608304985502,0.9086635860210233,0.010053419530493572,0.9363459669582119,0.009895729764050695,Strong RACE,0.9877891872403572,0.0029976155846065523,0.9069713923964001,0.028306850518201247,0.9345510204823834,0.0017333112701801929,0.8796922986061895,0.032720936120026085,0.9272509746813326,0.01481396714912129,0.9363459669582119,0.009895729764050695,0.9827760891590679,0.001754864040090032,0.9512893982808023,0.007580949315371305,0.9419063733784546,0.026012075708065883,0.7055016181229774,0.0056053424193167525,0.8953683697353255,0.006245097660802386,0.9363459669582119,0.009895729764050695,0.9929078014184397,0.0046429338348083675,0.8223495702005731,0.04548569589222789,0.6130851663846588,0.023949096159686538,0.7249190938511327,0.02242136967726701,0.7883154079637011,0.024009098456781754,0.8673469387755103,0.018395669772775444,0.7736343320258529,0.03381795061323643,1.0,0.0,0.9703915950334289,0.0072109211416148886,0.9486745628877609,0.01711674101014497,0.8058252427184466,0.016816027257950256,0.9312228501599091,0.004947158378816812,0.967201166180758,0.0031770400463124494,0.8881084188759377,0.0059170310229552684
0.9546891464699684,0.0,0.9858454070081972,0.0005975570949183852,0.9913148738083422,0.0008490850911555003,400–600,248,214,432,55,949,0.9939393939393939,0.0,0.9388502287822045,0.0031084451423615198,0.9572859725182575,0.00041669630532765295,0.7956060862270763,0.012951220886315897,0.9214204203667331,0.0025609220071624614,0.9546891464699684,0.0,Strong RACE,0.9959514170040485,0.0,0.9220990210048047,0.012112062934140898,0.9465076759791128,0.006215456612947881,0.973672052619421,0.0006930806746147492,0.9595575416518468,0.0013564295944188762,0.9546891464699684,0.0,0.9919354838709677,0.0,0.956386292834891,0.009727411212458573,0.9683641975308642,0.005825489533387979,0.6727272727272727,0.018181818181818188,0.897353311740999,0.004424881527448215,0.9546891464699684,0.0,1.0,0.0,0.8084112149532711,0.10119816741919496,0.5941358024691358,0.054843690259002674,0.7515151515151516,0.010497277621629563,0.7885155422343896,0.013103896812083703,0.9227256761503337,0.01915181718330254,0.7799631832342112,0.05331698400351913,1.0,0.0,0.9875389408099688,0.0071379683722053834,0.970679012345679,0.007071876072462747,0.7757575757575758,0.03784847271756606,0.933493882228306,0.01253512392042729,0.9789251844046365,0.004828846886149464,0.8816482582837724,0.022003334432688752
0.983947119924457,0.0058970708200173525,0.9979087194820145,0.00026405517325931577,0.9984359966865243,0.00047877382706122207,600–800,87,99,151,16,353,1.0,0.0,0.9880690737833595,0.0029909825562413513,0.9814062908261761,0.006890650336901691,0.8950146627565982,0.043016084269212884,0.9661225068415334,0.013173900676392878,0.983947119924457,0.0058970708200173525,Strong RACE,1.0,0.0,1.0,0.0,0.9718465946169931,0.003920814880568589,0.918954248366013,0.08910968348838832,0.9727002107457515,0.02319668780072882,0.983947119924457,0.0058970708200173525,1.0,0.0,0.9764309764309764,0.005831820900905284,0.9911699779249448,0.01011606113676785,0.875,0.0,0.9606502385889802,0.003935694075210861,0.983947119924457,0.0058970708200173525,1.0,0.0,0.9966329966329966,0.005831820900905284,0.9690949227373068,0.03333260236322627,0.8958333333333334,0.03608439182435161,0.9653903131759092,0.01758182558905581,0.9886685552407932,0.007495046206981849,0.946233164983165,0.01966298031067058,1.0,0.0,1.0,0.0,1.0,0.0,0.9375,0.0,0.984375,0.0,0.9971671388101983,0.0,0.96875,0.0
0.981981981981982,0.008256893144064553,0.999515116591396,0.0005099573900189472,0.9995162730297865,0.0003719321236065116,800+,49,47,83,6,185,0.9791666666666666,0.0,0.9685618800419196,0.010868916808673919,0.9920626382164843,0.009023326065143862,0.9696969696969697,0.05248638810814781,0.97737203865551,0.01776802707409054,0.981981981981982,0.008256893144064553,Strong RACE,1.0,0.0,0.9522101606600086,0.010609910107001441,0.9883720930232558,0.020140125669405522,1.0,0.0,0.9851455634208162,0.004579308710294266,0.981981981981982,0.008256893144064553,0.9591836734693877,0.0,0.9858156028368794,0.024568096561260643,0.9959839357429718,0.006956027339634068,0.9444444444444444,0.0962250448649376,0.9713569141234208,0.029367423424772804,0.981981981981982,0.008256893144064553,1.0,0.0,0.9787234042553191,0.036852144841891,0.9919678714859438,0.006956027339634068,0.9444444444444444,0.0962250448649376,0.9787839300464268,0.034172003623671364,0.990990990990991,0.011252248645762889,0.9615839243498818,0.06653859485341426,1.0,0.0,1.0,0.0,0.9959839357429718,0.006956027339634068,1.0,0.0,0.998995983935743,0.001739006834908533,1.0,0.0,1.0,0.0
0.8768328445747801,0.017838013285332008,0.9624035987994446,0.0076848529646913665,0.9715841605918231,0.005852211863535475,0–200,87,91,149,14,341,0.9218973117278202,0.016577108743504872,0.8175175479286667,0.019005749271114016,0.903612214577975,0.012313071359375335,0.6790909090909091,0.10375989447989688,0.8305294958313428,0.037491192009717574,0.8768328445747801,0.017838013285332008,Single Trace,0.9372377797852053,0.014526262502049204,0.7982800137598899,0.01319066855959437,0.8973983723854058,0.031074820147561,0.8454545454545455,0.18785434836156203,0.8695926778462616,0.05382093952727464,0.8768328445747801,0.017838013285332008,0.9080459770114943,0.041443118108781436,0.8388278388278388,0.044411559168432764,0.9105145413870246,0.01025184719229493,0.5714285714285714,0.07142857142857145,0.8072042321637323,0.03295821590757612,0.8768328445747801,0.017838013285332008,0.8160919540229885,0.0,0.3846153846153846,0.12673145708429445,0.5592841163310962,0.08759182080739104,0.5714285714285714,0.07142857142857145,0.5828550065995102,0.027528610552027044,0.6109481915933529,0.0960307949717235,0.478021978021978,0.08516483516483515,0.9655172413793104,0.01149425287356326,0.7985347985347986,0.025378033810532975,0.8478747203579419,0.060153600267332234,0.6666666666666667,0.041239304942116105,0.8196483567346793,0.024929918674530326,0.8944281524926686,0.02114692830184156,0.7326007326007327,0.029117423251986477
0.9414480077745384,0.0008416184682064799,0.9836797180894568,0.0005455513829521584,0.9879425062403138,0.001188530080366952,200–400,329,349,591,103,1372,0.9862948099873473,0.0016032548240273799,0.9339721899673613,0.001699836583079294,0.9437791013963568,0.0035046677092308094,0.7971047458271215,0.004418180173018044,0.9152877117945467,0.0010451185372489663,0.9414480077745384,0.0008416184682064799,Single Trace,0.9878495862544943,0.005081514081683762,0.9293395476420218,0.01308304859281007,0.931493662633519,0.009224718671346412,0.8867794952195266,0.03162458807986734,0.9338655729373904,0.007216597325651136,0.9414480077745384,0.0008416184682064799,0.9848024316109423,0.008041797298068696,0.938872970391595,0.011929318048516496,0.9565707839819515,0.013676656122935296,0.7249190938511327,0.024433121149743515,0.9012913199589054,0.005835902692484599,0.9414480077745384,0.0008416184682064799,1.0,0.0,0.8662846227316141,0.03847800779079977,0.6350817822899041,0.08428592822661092,0.7475728155339806,0.01941747572815533,0.8122348051388747,0.013596616427964916,0.8843537414965986,0.032606606549674635,0.8069287191327974,0.02849794775043901,1.0,0.0,0.9713467048710601,0.0028653295128940326,0.958262831359278,0.0025846450620167815,0.8155339805825242,0.009708737864077666,0.9362858792032156,0.002207789441205981,0.9698736637512148,0.003595395672242183,0.8934403427267922,0.0057071980267406515
0.9564453811029153,0.00643846251486598,0.9853544220811344,0.0013375562211765057,0.9904019649100989,0.0015885214638424443,400–600,248,214,432,55,949,0.9959650211467567,0.0020242681843640415,0.9389739647650647,0.01727356038855989,0.9578488404792692,0.006075078160630615,0.8123345636096585,0.01838823126230202,0.9262805975001872,0.006009650171254663,0.9564453811029153,0.00643846251486598,Single Trace,0.9959676982275014,1.625941352205293e-05,0.9511202609613538,0.013785719499475386,0.9362696993264114,0.018169233315780887,0.9757936507936508,0.023819442378506247,0.9647878273272293,0.00681290451533668,0.9564453811029153,0.00643846251486598,0.9959677419354839,0.0040322580645161255,0.9283489096573209,0.045385676898235125,0.98070987654321,0.00935521269520228,0.696969696969697,0.03784847271756606,0.9004990562764279,0.009796103707670563,0.9564453811029153,0.00643846251486598,1.0,0.0,0.8800623052959502,0.014275936744410718,0.7137345679012346,0.04596719447100766,0.7636363636363637,0.018181818181818188,0.839358309208387,0.01647422902432158,0.9367755532139094,0.011151744198375503,0.8218493344661569,0.014783673014056267,1.0,0.0,0.985981308411215,0.014018691588785048,0.9807098765432098,0.002672917912914946,0.806060606060606,0.045756572334974197,0.9431879477537577,0.010291385357752054,0.9789251844046365,0.0027879360495938863,0.8960209572359105,0.021097494060187908
0.9811142587346553,0.013387579677769434,0.9976261609723963,0.001825963107629409,0.997169368005343,0.0018397265939705102,600–800,87,99,151,16,353,1.0,0.0,0.9808715043591575,0.020062971490538033,0.9793483335761162,0.015943132668186814,0.8968954248366013,0.031769597380173424,0.9642788156929688,0.014689754289695251,0.9811142587346553,0.013387579677769434,Single Trace,1.0,0.0,1.0,0.0,0.9678622655392981,0.021812766807334065,0.9027777777777778,0.08673608331108885,0.967660010829269,0.025776151258374097,0.9811142587346553,0.013387579677769434,1.0,0.0,0.962962962962963,0.03824180704242607,0.9911699779249448,0.01011606113676785,0.8958333333333334,0.03608439182435161,0.9624915685553103,0.0035306809743900873,0.9811142587346553,0.013387579677769434,1.0,0.0,0.9797979797979798,0.02020202020202022,0.9801324503311258,0.02886688042079918,0.9375,0.0,0.9743576075322764,0.012020098043326344,0.983947119924457,0.018212749312545677,0.9586489898989898,0.01010101010101011,1.0,0.0,0.9865319865319866,0.015429547794464097,0.9977924944812362,0.0038235117164876074,0.9375,0.0,0.9804561202533058,0.004770877570630413,0.9924457034938621,0.005897070820017371,0.9620159932659933,0.0077147738972320554
0.981981981981982,0.013603305288776155,0.9995485139989592,0.00025828472861684834,0.9984676568460352,0.0010890073861403583,800+,49,47,83,6,185,0.993127147766323,0.0059520646308208625,0.9742558643800512,0.026358037126812006,0.9822371236981025,0.017450720615120128,0.9523809523809523,0.08247860988423228,0.9755002720563573,0.01888323014705562,0.981981981981982,0.013603305288776155,Single Trace,1.0,0.0,0.986111111111111,0.012028130608117225,0.9775280898876404,0.03892249005772761,0.9166666666666666,0.14433756729740643,0.9700764669163545,0.033236626527220876,0.981981981981982,0.013603305288776155,0.9863945578231292,0.011782658554890335,0.9645390070921985,0.0614202414031517,0.9879518072289156,0.02086808201890214,1.0,0.0,0.9847213430360608,0.014354794650073352,0.981981981981982,0.013603305288776155,0.9931972789115646,0.011782658554890335,0.9645390070921985,0.0614202414031517,0.9919678714859438,0.013912054679268072,1.0,0.0,0.9874260393724268,0.012151969702305419,0.9801801801801802,0.020464534579460465,0.9822695035460993,0.03071012070157585,1.0,0.0,1.0,0.0,1.0,0.0,1.0,0.0,1.0,0.0,0.9945945945945946,0.005405405405405406,1.0,0.0
0.8709677419354839,0.015517602997446266,0.9623217851697027,0.0032423374656980475,0.9718130123484394,0.004114930676939794,0–200,87,91,149,14,341,0.9237032237133729,0.013847359970097728,0.8092226378146621,0.011716872469798174,0.8961000474158368,0.012740800585424063,0.6513131313131313,0.08468671447283357,0.8200847600642508,0.030093102730478025,0.8709677419354839,0.015517602997446266,Dual / Editor,0.9411472448057814,0.016400889071622897,0.790132528290423,0.03518020290171301,0.8866505742081779,0.02364709120147027,0.8787878787878788,0.2099455524325912,0.8741795565230652,0.057799824598788664,0.8709677419354839,0.015517602997446266,0.9080459770114943,0.041443118108781436,0.8315018315018315,0.041603724145056926,0.9060402684563759,0.011624502064220636,0.5238095238095238,0.041239304942116105,0.7923494001948064,0.020165726196370557,0.8709677419354839,0.015517602997446266,0.8122605363984674,0.046453469934797466,0.36996336996337,0.13914593343020207,0.4429530201342282,0.061511083153769665,0.5714285714285714,0.07142857142857145,0.5491513744811592,0.040598547875318615,0.6334310850439883,0.05857766673149027,0.4706959706959707,0.08878062262356311,0.9731800766283525,0.006636209990685345,0.7728937728937729,0.022875450543583857,0.8456375838926175,0.02324900412844127,0.6666666666666667,0.041239304942116105,0.8145945250203525,0.018083098943949386,0.8866080156402737,0.02494105732585154,0.7197802197802198,0.026207120918047975
0.9387755102040817,0.004433500386514759,0.9829435345728407,0.0009641065104611984,0.9858209058300538,0.0014989673241413276,200–400,329,349,591,103,1372,0.9858272683197474,0.0009333961678559832,0.9307227091144695,0.009800436606086357,0.9405118769333066,0.005444874218748897,0.7867486456196133,0.0038862025522319876,0.9109526249967842,0.0027516259501648072,0.9387755102040817,0.004433500386514759,Dual / Editor,0.9849185354335351,0.007709048638674916,0.9436019390329821,0.01684763391359584,0.9158674567438914,0.01617018662391948,0.9120386522681675,0.032848471677285856,0.939106645869644,0.006146864775049365,0.9387755102040817,0.004433500386514759,0.9868287740628167,0.008774320200450225,0.9188156638013372,0.027829612768545307,0.9667230682459109,0.0070445549897331415,0.6925566343042071,0.02021034950937992,0.891231035103568,0.006219149661227031,0.9387755102040817,0.004433500386514759,0.9969604863221885,0.003039513677811523,0.8557784145176696,0.038156608128821726,0.6209813874788495,0.14025633729577344,0.7411003236245954,0.02021034950937992,0.8037051529858258,0.03514964747313284,0.8413508260447036,0.07369209577472448,0.7984393690711326,0.02334343562287132,1.0,0.0,0.9732569245463228,0.011580091359104282,0.9543147208121827,0.006768189509306244,0.8187702265372168,0.02021034950937992,0.9365854679739306,0.005367407306590081,0.966958211856171,0.006772283704939957,0.8960135755417697,0.007382493762319445
0.9539866526167896,0.010342417888539136,0.9860847463826248,0.0007918263850944514,0.9893306432778408,0.001026120242371464,400–600,248,214,432,55,949,0.9966356955016415,0.0011710957653084182,0.9342970047458483,0.022239894462268702,0.9551979250142735,0.010906701855105214,0.8028524630386705,0.00653544827179885,0.9222457720751085,0.009990065032921824,0.9539866526167896,0.010342417888539136,Dual / Editor,0.9973172258928186,0.0023233646382934763,0.9562834833316362,0.007533839346012385,0.9277887672057986,0.023518835932662924,0.98268106162843,0.015002434678949428,0.9660176345146709,0.006699540751317318,0.9539866526167896,0.010342417888539136,0.9959677419354839,0.0040322580645161255,0.9143302180685359,0.047270999705587305,0.9845679012345679,0.004818671295060523,0.6787878787878788,0.010497277621629563,0.8934134350066166,0.0133873256730216,0.9539866526167896,0.010342417888539136,1.0,0.0,0.8847352024922118,0.028551873488821437,0.7561728395061729,0.06486990604007317,0.7575757575757576,0.020994555243259126,0.8496209498935355,0.023577032718051415,0.9128907622058307,0.027036888511311304,0.8211554800339848,0.016042257611055735,1.0,0.0,0.9828660436137072,0.01079159381662852,0.9737654320987654,0.0048186712950604605,0.8181818181818182,0.03636363636363632,0.9437033234735727,0.005844630660251868,0.9761152089919213,0.004387072706988697,0.9005239308977627,0.013775688812649286
0.9820585457979226,0.009948681541881672,0.9983713777462258,0.0004512154263629461,0.9972768152113144,0.0014518881974529187,600–800,87,99,151,16,353,1.0,0.0,0.9775093823355434,0.013321588658731795,0.9795440442981427,0.011139684360523813,0.9325423309850451,0.03560169674897739,0.9723989394046828,0.015002017037683054,0.9820585457979226,0.009948681541881672,Dual / Editor,1.0,0.0,1.0,0.0,0.9600637062558968,0.021367607679855672,1.0,0.0,0.9900159265639742,0.005341901919963876,0.9820585457979226,0.009948681541881672,1.0,0.0,0.9562289562289562,0.025420317963874572,1.0,0.0,0.875,0.0625,0.957807239057239,0.021950239494636144,0.9820585457979226,0.009948681541881672,1.0,0.0,0.9797979797979798,0.02020202020202022,0.9845474613686535,0.010116061136767862,0.9375,0.0,0.9754613602916583,0.006973309560757695,0.9867799811142587,0.010725039368839041,0.9586489898989898,0.01010101010101011,1.0,0.0,0.9932659932659933,0.011663641801810632,1.0,0.0,0.9791666666666666,0.03608439182435161,0.993108164983165,0.00797358315211414,0.9924457034938621,0.005897070820017371,0.9862163299663299,0.01594716630422828
0.9801801801801802,0.020464534579460465,0.9992793633768536,0.0003264355425199478,0.9990779969158348,0.000883576183000333,800+,49,47,83,6,185,0.9896191294387171,0.01041685118103963,0.9639057579847053,0.03573239388296787,0.9843316889828517,0.016641033128862313,0.9696969696969697,0.05248638810814781,0.9768883865258109,0.02850132648906142,0.9801801801801802,0.020464534579460465,Dual / Editor,1.0,0.0,0.9642985982271697,0.013083304744511519,0.9775280898876404,0.03892249005772761,1.0,0.0,0.9854566720287025,0.012102810623252325,0.9801801801801802,0.020464534579460465,0.9795918367346939,0.020408163265306145,0.9645390070921985,0.0614202414031517,0.9919678714859438,0.006956027339634068,0.9444444444444444,0.0962250448649376,0.9701357899393201,0.042168046360515014,0.9801801801801802,0.020464534579460465,1.0,0.0,0.9219858156028369,0.07472094860179247,0.9919678714859438,0.006956027339634068,1.0,0.0,0.9784884217721951,0.017279186756555837,0.9747747747747748,0.02977065160695189,0.9609929078014184,0.037360474300896264,1.0,0.0,1.0,0.0,0.9919678714859438,0.006956027339634068,1.0,0.0,0.9979919678714859,0.001739006834908533,0.9963963963963964,0.006241624531779739,1.0,0.0
0.8690127077223851,0.009426833588458403,0.9611476076145153,0.00602104400599064,0.9726113657624395,0.00454654220911656,0–200,87,91,149,14,341,0.9164117668011291,0.023190992845006718,0.8065266752988421,0.02130938488329394,0.897949501836351,0.003887928291988848,0.6565656565656566,0.017495462702715917,0.8193634001254947,0.011912577060408078,0.8690127077223851,0.009426833588458403,Creator + Editor,0.9476634397698257,0.014303642188206527,0.7768421052631579,0.0308377938427163,0.8906066656862835,0.016683224582445116,0.8557692307692307,0.15474497057145273,0.8677203603721245,0.030643279654950957,0.8690127077223851,0.009426833588458403,0.8888888888888888,0.05669980301512927,0.8388278388278388,0.012689016905266519,0.9060402684563759,0.024198330707812035,0.5476190476190477,0.08247860988423228,0.7953440109480377,0.03059828312917486,0.8690127077223851,0.009426833588458403,0.8199233716475096,0.05669980301512927,0.41025641025641024,0.09346044558368553,0.44295302013422816,0.11210263817778565,0.6190476190476191,0.041239304942116174,0.5730451052714418,0.022940965116850436,0.6500488758553274,0.08963890496572438,0.5146520146520146,0.05171358206408606,0.9616858237547893,0.006636209990685409,0.7619047619047619,0.0167859915566148,0.8590604026845637,0.017756720208487158,0.6904761904761905,0.08247860988423221,0.8182817947050763,0.022183078923696153,0.8817204301075269,0.013858696851180657,0.7261904761904762,0.04924662879028849
0.9373177842565598,0.0055027947778941485,0.9836182005761094,0.0013984411752692978,0.9871587188255837,0.0023382420389036654,200–400,329,349,591,103,1372,0.9847846572570867,0.0015582357866746898,0.9308928991240935,0.010571566544733946,0.9395524887496489,0.0042701586914611145,0.774005261968594,0.02464137038324012,0.9073088267748558,0.0096473186757319,0.9373177842565598,0.0055027947778941485,Creator + Editor,0.9858858965793618,0.008458079247391663,0.9296508237318374,0.01601421319084525,0.9206732328825352,0.014434612736048727,0.9070226070226071,0.0565734477460653,0.9358081400540853,0.00871845811432378,0.9373177842565598,0.0055027947778941485,0.9837892603850051,0.009285867669616723,0.9321872015281758,0.005964659024258248,0.9593908629441624,0.006768189509306244,0.6796116504854369,0.06366445169225246,0.888744743835695,0.017917724318635572,0.9373177842565598,0.0055027947778941485,0.9969604863221885,0.003039513677811523,0.8500477554918816,0.04155551082675659,0.6142131979695431,0.039027284584334354,0.7281553398058253,0.009708737864077666,0.7973441948973596,0.016362961377926456,0.8641885325558795,0.027020409631267235,0.7891015476488534,0.02350841516816136,0.9989868287740629,0.001754864040090032,0.9694364851957975,0.004376863127942592,0.9543147208121827,0.005076142131979711,0.8349514563106796,0.0,0.9394223727731807,0.002723502320921784,0.9655004859086492,0.0041444903083653695,0.9021939707532385,0.002188431563971266
0.9504741833508956,0.007955568424942796,0.9858690300323142,0.0023112338063758183,0.9904761746137671,0.0009669731316934211,400–600,248,214,432,55,949,0.9945908845222702,0.0031145334204875095,0.9353017137604238,0.011583010476567662,0.951877372621579,0.006992667271772428,0.7657600674678473,0.05185562190064945,0.9118825095930301,0.016698125490944613,0.9504741833508956,0.007955568424942796,Creator + Editor,0.998661311914324,0.002318675779878044,0.9360273792286429,0.010887833578767908,0.9289084702107607,0.013287242833748105,0.9824561403508772,0.015193428136569083,0.9615133254261512,0.0034549049021511263,0.9504741833508956,0.007955568424942796,0.9905913978494624,0.008393814513976333,0.9345794392523364,0.012363323883479417,0.9760802469135803,0.001336458956457441,0.6303030303030303,0.07348094335140694,0.8828885285796024,0.02120241482343415,0.9504741833508956,0.007955568424942796,1.0,0.0,0.8582554517133957,0.030403771489007973,0.6743827160493827,0.12249577738772671,0.7575757575757576,0.020994555243259126,0.822553481334634,0.030608089080385516,0.9160519845451353,0.024539569335733844,0.8079156046445767,0.007621304151652317,1.0,0.0,0.9797507788161994,0.016410675627496506,0.9691358024691358,0.007071876072462747,0.8242424242424242,0.02777318603003534,0.9432822513819399,0.010423845988077066,0.9782226905514577,0.0048670201828419505,0.9019966015293118,0.01876717742960527
0.9792256846081209,0.0058970708200173525,0.9981983835446645,0.000754785089023564,0.997797555197101,0.001096347453156733,600–800,87,99,151,16,353,0.9980732177263969,0.0033372847930036474,0.9812489098203384,0.007850747001896264,0.9783329342775167,0.00480791587864563,0.8615690959776982,0.04442538441867746,0.9548060394504875,0.014227700451084617,0.9792256846081209,0.0058970708200173525,Creator + Editor,1.0,0.0,0.9930913516609393,0.0059833058978474365,0.9617499900518769,0.01217159834218692,0.953968253968254,0.03993570039812419,0.9772023989202675,0.007466984009364715,0.9792256846081209,0.0058970708200173525,0.9961685823754789,0.006636209990685345,0.9696969696969697,0.01010101010101011,0.9955849889624724,0.0038235117164876074,0.7916666666666666,0.09547032697824667,0.9382793019253969,0.0254500867807189,0.9792256846081209,0.0058970708200173525,1.0,0.0,0.9831649831649831,0.015429547794464097,0.9845474613686535,0.016666301181613108,0.8958333333333334,0.07216878364870322,0.9658864444667424,0.02513181979304846,0.9848914069877243,0.0058970708200173525,0.9394991582491582,0.04221938524533683,1.0,0.0,0.9932659932659933,0.005831820900905284,1.0,0.0,0.9791666666666666,0.03608439182435161,0.993108164983165,0.007563142730861598,0.9952785646836638,0.0016355531705088196,0.98621632996633,0.015126285461723196
0.9765765765765766,0.006241624531779739,0.999578026877827,0.00022576272271964404,0.9987014041068095,0.0009646664410058512,800+,49,47,83,6,185,0.9825292397660819,0.016055766958045316,0.9611795446061964,0.016007302457925768,0.9840539802078264,0.0035064400572220487,0.9440559440559441,0.04895104895104895,0.9679546771590122,0.009829281160635021,0.9765765765765766,0.006241624531779739,Creator + Editor,1.0,0.0,0.9578900709219859,0.020615276514598362,0.9764639151179474,0.011344300961517577,0.9523809523809523,0.08247860988423228,0.9716837346052214,0.013695893127633694,0.9765765765765766,0.006241624531779739,0.9659863945578231,0.03117398431942747,0.9645390070921986,0.012284048280630289,0.9919678714859438,0.013912054679268072,0.9444444444444444,0.0962250448649376,0.9667344293951026,0.026356862963186133,0.9765765765765766,0.006241624531779739,1.0,0.0,0.950354609929078,0.04429076594608793,0.9919678714859438,0.013912054679268072,1.0,0.0,0.9855806203537555,0.007741700208730827,0.981981981981982,0.011252248645762889,0.975177304964539,0.022145382973043987,1.0,0.0,1.0,0.0,1.0,0.0,1.0,0.0,1.0,0.0,0.9963963963963964,0.003120812265889837,1.0,0.0
0.8768328445747801,0.010158655762867307,0.964253079465134,0.005309220589602087,0.972339992489458,0.004514769660615158,0–200,87,91,149,14,341,0.9185847806375114,0.018384469767871735,0.819347737027295,0.010701237448356583,0.9057085018846712,0.006972670649246985,0.7032938076416337,0.09363613283317988,0.8367337067977779,0.02601121436683033,0.8768328445747801,0.010158655762867307,Creator-only,0.948724279835391,0.02560808501603125,0.7865975631933079,0.06073334761288577,0.9104830860150009,0.02656649053308158,0.8541666666666666,0.2525907427704613,0.8749928989275916,0.058576019393970044,0.8768328445747801,0.010158655762867307,0.89272030651341,0.05785313743502488,0.8608058608058609,0.054207503981497256,0.9015659955257271,0.013970912748094831,0.6190476190476191,0.041239304942116174,0.8185349454731542,0.014960205777991294,0.8768328445747801,0.010158655762867307,0.8390804597701149,0.030410934609937785,0.40293040293040294,0.11437725271791938,0.5011185682326622,0.08201477753835958,0.5714285714285714,0.07142857142857145,0.5786395005904379,0.026679960054608404,0.6256109481915934,0.07744008727405031,0.48717948717948717,0.07434521426664759,0.9655172413793104,0.0,0.8058608058608059,0.03859213828883785,0.8478747203579419,0.060153600267332234,0.6666666666666667,0.041239304942116105,0.8214798585661812,0.02822010924289413,0.8895405669599218,0.01996146418051038,0.7362637362637363,0.02705730165328597
0.9424198250728864,0.0025248554046193757,0.9830025614696815,0.0013769216773883025,0.9874437002345016,0.0007322854697446855,200–400,329,349,591,103,1372,0.9852566806214192,0.003277330656901124,0.9380612358071658,0.003948606804043466,0.9448244036203834,0.003436670353598941,0.7933499426119525,0.014481013198041147,0.9153730656652302,0.005122279679503329,0.9424198250728864,0.0025248554046193757,Creator-only,0.9878305340992192,0.005065174997399802,0.9303665298914817,0.02416630769534032,0.9339164906846893,0.006702455333824435,0.8854457711779364,0.051869164843812106,0.9343898314633317,0.008950596106584696,0.9424198250728864,0.0025248554046193757,0.9827760891590679,0.01067442122882751,0.9465138490926457,0.01750745251177013,0.9560067681895094,0.0,0.7216828478964401,0.045881705109248605,0.9017448885844158,0.009283388362599869,0.9424198250728864,0.0025248554046193757,0.9979736575481256,0.001754864040090032,0.8662846227316141,0.025034082945713777,0.6661026508742245,0.09271328584107962,0.7508090614886731,0.0056053424193167525,0.8202924981606593,0.022065915532655064,0.8809523809523809,0.022279057283755132,0.8085468421101436,0.010655059004780974,1.0,0.0,0.9742120343839542,0.00573065902578801,0.9576988155668359,0.00879213607902986,0.8090614886731391,0.0056053424193167525,0.9352430846559823,0.003924939274448975,0.9693877551020408,0.004058137290692403,0.8916367615285467,0.005474892299795099
0.9564453811029153,0.005991823712410239,0.9863741569639709,0.0024301344036954248,0.9907666596466631,0.001685710165568755,400–600,248,214,432,55,949,0.994599080067991,0.0031118961202038194,0.9391565477922028,0.01090967422857543,0.9590956315980678,0.004031439080189061,0.8102337238633847,0.0355222515917324,0.9257712458304116,0.011474527291216806,0.9564453811029153,0.005991823712410239,Creator-only,0.9973117842490068,0.0023281199088559133,0.940026012411063,0.022871329436487082,0.9420298060747498,0.00820180315753695,0.9617552334943639,0.044413146229622176,0.9602807090572959,0.01129491942590399,0.9564453811029153,0.005991823712410239,0.9919354838709677,0.008064516129032251,0.9392523364485982,0.03237478144988556,0.9768518518518519,0.00694444444444442,0.703030303030303,0.06385244698698632,0.9027674938004302,0.013640465152693992,0.9564453811029153,0.005991823712410239,1.0,0.0,0.8909657320872274,0.03180775367081328,0.7106481481481481,0.10700855862339094,0.7515151515151516,0.010497277621629563,0.8382822579376318,0.033336900219512064,0.9301018616087109,0.004751580350709051,0.8212404418011895,0.018167072924156435,1.0,0.0,0.9922118380062306,0.007137968372205335,0.9737654320987654,0.0048186712950604605,0.8181818181818182,0.03636363636363632,0.9460397720717035,0.007385030866030992,0.9792764313312259,0.001609615628716468,0.9051968280940244,0.01607340640040518
0.9811142587346553,0.013387579677769434,0.9971020483544245,0.0012190607571979026,0.9971305800098262,0.0013080768950735565,600–800,87,99,151,16,353,1.0,0.0,0.9827071926931734,0.016961965556253726,0.9792418096298794,0.016067396280990593,0.8884920634920634,0.0398468819167609,0.9626102664537791,0.017143116537451503,0.9811142587346553,0.013387579677769434,Creator-only,1.0,0.0,0.9966666666666667,0.005773502691896263,0.9718737863000322,0.02059414716016058,0.8881578947368421,0.105878137759415,0.9641745869258852,0.029874004104063236,0.9811142587346553,0.013387579677769434,1.0,0.0,0.9696969696969697,0.03641970985317161,0.9867549668874172,0.011470535149462759,0.8958333333333334,0.03608439182435161,0.9630713174794301,0.00362037602069113,0.9811142587346553,0.013387579677769434,1.0,0.0,0.9865319865319865,0.011663641801810632,0.9713024282560706,0.023257513803206935,0.9375,0.0,0.9738336036970143,0.008377474258572376,0.983947119924457,0.018212749312545677,0.9620159932659932,0.005831820900905348,1.0,0.0,0.9932659932659933,0.005831820900905284,0.9933774834437086,0.011470535149462759,0.9375,0.0,0.9810358691774255,0.00381180254492952,0.9933899905571294,0.004327266945189618,0.9653829966329966,0.00291591045045261
0.9765765765765766,0.012483249063559477,0.9992104603136203,0.0003846837337979647,0.998642967291616,0.0009911475200564956,800+,49,47,83,6,185,0.9896191294387171,0.01041685118103963,0.9634546769923872,0.02923536158885031,0.978357352739423,0.01742795313774498,0.9523809523809523,0.08247860988423228,0.9709530278878699,0.01425840232381045,0.9765765765765766,0.012483249063559477,Creator-only,1.0,0.0,0.9730555555555556,0.030463244398114604,0.9740740740740741,0.044905020936970866,0.9166666666666666,0.14433756729740643,0.965949074074074,0.029232756911487027,0.9765765765765766,0.012483249063559477,0.9795918367346939,0.020408163265306145,0.9574468085106383,0.073704289683782,0.9839357429718876,0.01840391845363791,1.0,0.0,0.980243597054305,0.015093459828472183,0.9765765765765766,0.012483249063559477,1.0,0.0,0.900709219858156,0.08858153189217587,0.9759036144578314,0.01204819277108432,1.0,0.0,0.9691532085789969,0.02162053087826056,0.9765765765765766,0.02184568586122905,0.950354609929078,0.04429076594608793,1.0,0.0,1.0,0.0,0.9959839357429718,0.006956027339634068,1.0,0.0,0.998995983935743,0.001739006834908533,0.9963963963963964,0.003120812265889837,1.0,0.0
0.8748778103616813,0.011102460109091434,0.9642864613042926,0.002814322071290214,0.973268777071634,0.0018768130795454472,0–200,87,91,149,14,341,0.9232618506828707,0.011396263516825949,0.829075153145077,0.012038912126695943,0.8992381329636232,0.006434061048587237,0.5822222222222222,0.09459465179463449,0.8084493397534482,0.029750618227371725,0.8748778103616813,0.011102460109091434,"Creator, no fusion",0.9479991485738611,0.016058004759679202,0.8069387897136097,0.02077889490502939,0.8906407884241436,0.01564627839065835,0.7459207459207459,0.23196694204190088,0.8478748681580901,0.060116355567114,0.8748778103616813,0.011102460109091434,0.9003831417624522,0.028926568717512417,0.8534798534798534,0.033571983113229585,0.9082774049217003,0.013970912748094831,0.5,0.12371791482634842,0.7905351000410015,0.03417093141306972,0.8748778103616813,0.011102460109091434,0.8275862068965517,0.019908629972056037,0.42124542124542125,0.0624861615722783,0.4966442953020134,0.053270160625461575,0.5476190476190477,0.10910894511799622,0.5732737427657585,0.03668617888049685,0.6412512218963832,0.05166064618464834,0.48443223443223443,0.06491504981116221,0.9731800766283525,0.006636209990685345,0.7875457875457875,0.02765507119146796,0.8501118568232662,0.02712383814984815,0.6428571428571429,0.07142857142857145,0.8134237159636373,0.017229934689940517,0.8983382209188661,0.011851765056678523,0.7152014652014652,0.03277569627870565
0.9407191448007775,0.0015172492707479614,0.9828891927155765,0.00236690503194036,0.9871683992214129,0.0023957914962112583,200–400,329,349,591,103,1372,0.9878093916261855,0.00268441832308848,0.9345343785345926,0.0009450727244183471,0.9415955416646659,0.0050337195200506075,0.7910754958268068,0.00819879085967446,0.9137537019130626,0.0014506471311438443,0.9407191448007775,0.0015172492707479614,"Creator, no fusion",0.989836833293175,0.001664003240950249,0.9287339683091483,0.016023783675361548,0.9284932325815176,0.012733809937501835,0.8960074737842784,0.05964254585688584,0.9357678769920298,0.013956148607280885,0.9407191448007775,0.0015172492707479614,0.9858156028368795,0.0070194561603601924,0.9407831900668577,0.016292953303946464,0.9554427523970671,0.020044394409381723,0.7119741100323624,0.04886624229948703,0.8985039138332918,0.01034559606412989,0.9407191448007775,0.0015172492707479614,0.9969604863221885,0.0,0.8710601719197708,0.02005730659025788,0.4376762549351382,0.3794954598465142,0.7443365695792881,0.014830342054873262,0.7625083706890964,0.0870438633658604,0.8663751214771623,0.027020409631267235,0.8076983707495294,0.01590359123758414,1.0,0.0,0.9742120343839542,0.007580949315371368,0.9571347997743938,0.012004397435867314,0.8187702265372168,0.029660684109746524,0.9375292651738912,0.004678724711920549,0.966715257531584,0.004014264247293102,0.8964911304605855,0.015307081485217814
0.9546891464699684,0.004214963119072657,0.9840621054589008,0.002911181461316837,0.9896677021480348,0.0024510249558226727,400–600,248,214,432,55,949,0.99528890514806,0.0023374219787934514,0.9391543031748604,0.010511697479111943,0.9567673135420071,0.004355022480260349,0.7894642566357271,0.022120849801259404,0.9201686946251637,0.0059135597120127835,0.9546891464699684,0.004214963119072657,"Creator, no fusion",0.9959622565836896,1.8774702671070272e-05,0.9510334921293825,0.01433428091160746,0.934347081804503,0.0202979922772043,0.9629629629629629,0.06415002990995845,0.9610764483701345,0.01449350106596738,0.9546891464699684,0.004214963119072657,0.9946236559139785,0.004656050557980849,0.9283489096573209,0.03315233123643732,0.9807098765432098,0.013563577030283125,0.6727272727272727,0.054545454545454564,0.8941024287104455,0.016181922624908664,0.9546891464699684,0.004214963119072657,1.0,0.0,0.9018691588785047,0.024726647766958793,0.6766975308641975,0.0638290335112147,0.7393939393939394,0.020994555243259126,0.8294901572841604,0.021667106132859604,0.9251844046364595,0.00900316516893312,0.820631549136222,0.018654929164114632,1.0,0.0,0.9875389408099688,0.009727411212458556,0.9776234567901234,0.007071876072462687,0.8,0.03636363636363632,0.941290599400023,0.010264553709717695,0.9775201966982789,0.002651856141647638,0.8937694704049844,0.021947136383316548
0.9811142587346554,0.0032711063410177034,0.9986776974375781,0.0004651136963842045,0.9977378127672247,0.0009753006702604083,600–800,87,99,151,16,353,1.0,0.0,0.9845617003277995,0.009065931582389686,0.9794037929138536,0.00475167356003764,0.8673931432552122,0.02562044901638299,0.9578396591242164,0.003003580566627978,0.9811142587346554,0.0032711063410177034,"Creator, no fusion",1.0,0.0,1.0,0.0,0.9639107106587925,0.015399406601914432,0.9411764705882353,0.10188534162169868,0.976271795311757,0.021983002778066436,0.9811142587346554,0.0032711063410177034,1.0,0.0,0.9696969696969697,0.017495462702715917,0.9955849889624724,0.007647023432975151,0.8125,0.0625,0.9444454896648605,0.014381445076407819,0.9811142587346554,0.0032711063410177034,1.0,0.0,0.9831649831649831,0.005831820900905348,0.9624724061810155,0.029862581144522463,0.8958333333333334,0.03608439182435161,0.9603676806698329,0.01748657068360508,0.9858356940509915,0.0049066595115265866,0.9394991582491582,0.020958106362628542,1.0,0.0,0.98989898989899,0.01010101010101011,1.0,0.0,1.0,0.0,0.9974747474747475,0.0025252525252525415,0.9924457034938621,0.0016355531705088838,0.9949494949494949,0.005050505050505083
0.9765765765765766,0.013603305288776096,0.9991112234101251,0.0011475127521121229,0.9980683386088791,0.0006351099824313827,800+,49,47,83,6,185,0.9861827033218786,0.006076065977296362,0.9747405372405372,0.027738650507935926,0.9782688697298485,0.01184508149143944,0.8917748917748918,0.029992221776084464,0.957741750516789,0.012158950546948833,0.9765765765765766,0.013603305288776096,"Creator, no fusion",1.0,0.0,0.9788188002473717,0.020452038629329483,0.9696849526327385,0.03421627992810486,0.9166666666666666,0.14433756729740643,0.9662926048866942,0.034783474300231605,0.9765765765765766,0.013603305288776096,0.9727891156462585,0.011782658554890335,0.9716312056737588,0.04913619312252135,0.9879518072289156,0.02086808201890214,0.888888888888889,0.0962250448649376,0.9553152543594555,0.02955972553740888,0.9765765765765766,0.013603305288776096,0.9931972789115646,0.011782658554890335,0.9929078014184397,0.012284048280630353,0.9879518072289156,0.02086808201890214,0.9444444444444444,0.0962250448649376,0.9796253330008411,0.026265167694694436,0.9747747747747748,0.025544949331095215,0.9686761229314421,0.045354503647635096,1.0,0.0,1.0,0.0,0.9879518072289156,0.02086808201890214,1.0,0.0,0.9969879518072289,0.005217020504725535,0.9927927927927929,0.0031208122658899014,1.0,0.0
0.8690127077223851,0.0033862185876224354,0.9661909093552957,0.002850458101644422,0.974735052731458,0.002102069020254526,0–200,87,91,149,14,341,0.9322119883969595,0.007919537670363137,0.8130019746709385,0.006253885520990196,0.886857659052781,0.001942787509097077,0.6491334752204317,0.04162957874336523,0.8203012743352777,0.010857233142902071,0.8690127077223851,0.0033862185876224354,All lambdas = 0,0.941632719709861,0.009702670048826946,0.7648366013071896,0.013045234249108872,0.9073159554705789,0.02296986889857586,0.8101851851851851,0.12448453388656253,0.8559926154182036,0.028329806598257404,0.8690127077223851,0.0033862185876224354,0.9233716475095786,0.023927195396162417,0.8681318681318682,0.021978021978021955,0.8680089485458613,0.021574162776270625,0.5476190476190476,0.041239304942116105,0.8017828779515889,0.015554143942988308,0.8690127077223851,0.0033862185876224354,0.842911877394636,0.03694885349039448,0.4249084249084249,0.06052275326688025,0.4899328859060403,0.11448806784719454,0.5476190476190476,0.041239304942116105,0.5763430589570372,0.008324900774961334,0.6383186705767351,0.057490971466403175,0.48626373626373626,0.03571428571428572,0.9616858237547893,0.006636209990685409,0.7875457875457875,0.006344508452633227,0.8366890380313199,0.016890009922305903,0.7142857142857143,0.12371791482634832,0.8250515909044027,0.02847925489932262,0.895405669599218,0.016151233276498818,0.7509157509157509,0.05868670318685755
0.9409620991253644,0.001457725947521915,0.9836437806556009,0.0020100202480653655,0.9881261386270459,0.0023756796587150477,200–400,329,349,591,103,1372,0.987342203260631,0.0008661727232842426,0.9369585396578637,0.007097516364539476,0.9421019201915417,0.0022554716603642925,0.7841225258275167,0.0018301001889865305,0.9126312972343882,0.002158850105101396,0.9409620991253644,0.001457725947521915,All lambdas = 0,0.9868561442468702,0.003437801983826084,0.9231103396202274,0.007414243691042426,0.93470525252293,0.01185651871357073,0.8864220103608899,0.05091913804327051,0.9327734366877294,0.009826984740596616,0.9409620991253644,0.001457725947521915,0.9878419452887538,0.003039513677811523,0.9512893982808023,0.011461318051575908,0.9498025944726453,0.011266206630252799,0.7055016181229774,0.03675668832233185,0.8986088890412947,0.009807119611618852,0.9409620991253644,0.001457725947521915,0.9969604863221885,0.003039513677811523,0.8681948424068767,0.02991491836364055,0.6294416243654822,0.036171841499884866,0.7378640776699029,0.009708737864077666,0.8081152576911126,0.01691274249098105,0.8845966958211856,0.01758861787924032,0.8030294600383898,0.015276816302381724,1.0,0.0,0.9742120343839542,0.008595988538681987,0.954878736604625,0.0009769040087811384,0.8317152103559871,0.0056053424193167525,0.9402014953361416,0.0013295888958776954,0.9693877551020408,0.0033400697485100913,0.9029636223699706,0.0023374496353004313
0.9532841587636108,0.003989398205690344,0.9873839441182146,0.0018747681769230938,0.9916307739683463,0.00023389964022664856,400–600,248,214,432,55,949,0.9966410934374709,0.0011665058907676831,0.9395346573245457,0.004030867093196404,0.9533223243603168,0.00407758474022313,0.7851641040804258,0.024818520685975353,0.9186655448006898,0.008311101110024933,0.9532841587636108,0.003989398205690344,All lambdas = 0,0.9959946452476572,0.004000010752500296,0.9351913705939712,0.004477553318386414,0.938084457805587,0.008185841897304607,0.958739837398374,0.03806135137343391,0.9570025777613974,0.009757434100204609,0.9532841587636108,0.003989398205690344,0.9973118279569892,0.004656050557980849,0.9439252336448598,0.004672897196261683,0.9691358024691358,0.00812936246362095,0.6666666666666666,0.04575657233497425,0.8942598826844129,0.012671995736689857,0.9532841587636108,0.003989398205690344,1.0,0.0,0.8785046728971962,0.012363323883479417,0.7137345679012346,0.08033218996960821,0.7575757575757576,0.020994555243259126,0.8374537495935471,0.02235767840930223,0.9269406392694064,0.020387456074368045,0.818040215236477,0.007965175115636795,1.0,0.0,0.9890965732087228,0.009727411212458556,0.9699074074074074,0.0083461835080185,0.8303030303030303,0.02777318603003534,0.9473267527297902,0.002707445159724939,0.9796276782578153,0.0012167550457104716,0.9096998017558765,0.00905374506569542
0.9848914069877243,0.004327266945189667,0.9986128813484364,0.000377360158689224,0.998164034878879,0.0012493765173131341,600–800,87,99,151,16,353,1.0,0.0,0.9846846275417704,0.00894242647013095,0.9836560477198959,0.0031616028977191897,0.9110369546409591,0.019595464290946787,0.9698444074756564,0.007354659168898113,0.9848914069877243,0.004327266945189667,All lambdas = 0,1.0,0.0,0.9931607744107744,0.00592504554936912,0.9720671901263883,0.00945773314988769,0.9777777777777777,0.03849001794597504,0.9857514355787351,0.008072074648210574,0.9848914069877243,0.004327266945189667,1.0,0.0,0.9764309764309764,0.015429547794464147,0.9955849889624724,0.0038235117164876074,0.8541666666666666,0.03608439182435161,0.9565456580150288,0.011777981854261049,0.9848914069877243,0.004327266945189667,1.0,0.0,0.9797979797979798,0.01010101010101011,0.9624724061810155,0.013785867546133356,0.9166666666666666,0.03608439182435161,0.9647342631614154,0.014560097437117092,0.9886685552407932,0.004906659511526523,0.9482323232323232,0.022557852677655144,1.0,0.0,0.9932659932659933,0.005831820900905284,1.0,0.0,0.9791666666666666,0.03608439182435161,0.993108164983165,0.007563142730861598,0.9943342776203966,0.002832861189801694,0.98621632996633,0.015126285461723196
0.9837837837837838,0.005405405405405406,0.9995333222024884,0.0001639338003426601,0.9992143494846197,0.0007121365968175961,800+,49,47,83,6,185,0.9896191294387171,0.01041685118103963,0.9756578947368421,0.015863920496848052,0.9878287643976165,0.0061730707184526725,0.9523809523809523,0.08247860988423228,0.976371685238532,0.017369591744843142,0.9837837837837838,0.005405405405405406,All lambdas = 0,1.0,0.0,0.9590419501133787,0.020195951184048832,0.9959839357429718,0.006956027339634068,0.9166666666666666,0.14433756729740643,0.9679231381307543,0.031123318093255414,0.9837837837837838,0.005405405405405406,0.9795918367346939,0.020408163265306145,0.9929078014184397,0.012284048280630353,0.9799196787148594,0.013912054679268072,1.0,0.0,0.9881048292169983,0.0057689532927306655,0.9837837837837838,0.005405405405405406,1.0,0.0,0.9574468085106383,0.036852144841891,0.9879518072289156,0.01204819277108432,1.0,0.0,0.9863496539348885,0.006774058732417585,0.9873873873873874,0.003120812265889837,0.9787234042553191,0.0184260724209455,1.0,0.0,1.0,0.0,0.9919678714859438,0.006956027339634068,1.0,0.0,0.9979919678714859,0.001739006834908533,0.9981981981981982,0.003120812265889837,1.0,0.0
